event_index,summary,location,best_score,candidate_names
1,清水ん,,28.6,清水ん
3,カラオケパセラ　上野駅前 修繕,"カラオケパセラ上野公園前店, 日本、〒110-0005 東京都台東区上野２丁目１４−３０ パセラリゾーツ上野公園前店４Ｆ",44.4,カラオケパセラ　上野駅前 修繕 | カラオケパセラ上野公園前店
4,お好みキング査察,"鉄板居酒屋 お好みキング, 日本、〒102-0072 東京都千代田区飯田橋３丁目３−９ VERDAビル 1F",27.3,お好みキング査察 | 鉄板居酒屋 お好みキング | お店に着きましたら中へお入りいただきたく存じます。
5,【店舗】東京レストランホールディングス株式会社,東京都港区麻布十番１丁目３−９ ＴＢＣ麻布　1階　（マンシーズ東京）,32.0,東京レストランホールディングス株式会社 | 東京都港区麻布十番１丁目３−９ ＴＢＣ麻布　1階　（マンシーズ東京）
8,村山はるかさんとご飯,,23.5,村山はるかさんとご飯
9,獪岳と善逸併せ♥,,13.3,獪岳と善逸併せ♥
10,健康診断14:00,,0.0,健康診断14:00
12,【店舗】株式会社2TAPS（ツータップス）,〒154-0004 東京都世田谷区太子堂２丁目２２−９ 中野ビル 1F（三茶呑場マルコ）,24.0,株式会社2TAPS（ツータップス） | 〒154-0004 東京都世田谷区太子堂２丁目２２−９ 中野ビル 1F（三茶呑場マルコ）
13,洗濯依頼,,0.0,洗濯依頼
15,株式会社とんでんホールディングス（株式会社長栄商事）,埼玉県さいたま市南区白幡1-13-2,26.7,株式会社とんでんホールディングス（株式会社長栄商事） | 埼玉県さいたま市南区白幡1-13-2 | ・費用感：害虫駆除のみで1店舗月2~3万、清掃込だともう少しかかっているはず
16,愛宕板前寿司　ネズミ駆除メイン,"東京寿司 ITAMAE SUSHI 愛宕店, 日本、〒105-0001 東京都港区虎ノ門３丁目２１−５ 愛宕グリーンヒルズプラザ1F",34.3,愛宕板前寿司　ネズミ駆除メイン | 東京寿司 ITAMAE SUSHI 愛宕店
17,Webお打ち合わせ_AddBox 森尾,https://us06web.zoom.us/j/86090555464?pwd=AmK3pageP9WtGz0MGPdgWylQ1q36Dm.1,23.5,Webお打ち合わせ_AddBox 森尾 | https://us06web.zoom.us/j/86090555464?pwd=AmK3pageP9WtGz0MGPdgWylQ1q36Dm.1
19,株式会社三宝 稲村様 x 正田和輝プライベート: ３０分　お打ち合わせ,,16.2,株式会社三宝 稲村様 x 正田和輝プライベート: ３０分　お打ち合わせ
20,電気工事　朝霞台駅,,20.0,電気工事　朝霞台駅
21,アドバイザー研修,,22.2,アドバイザー研修
22,エアコン取付,,20.0,エアコン取付
23,新しい作業車取りに行く,,20.0,新しい作業車取りに行く
25,商品ちしき共有,,13.3,商品ちしき共有
26,予定,,20.0,予定
28,ごはん,,20.0,ごはん
30,もあちゃんと遊ぶ,,13.3,もあちゃんと遊ぶ
38,梅岡浜松出張,,22.2,梅岡浜松出張
40,板前寿司愛宕ネズミ回収,,52.2,板前寿司愛宕ネズミ回収
41,ダーツバー A's　清掃　茅場町店,ダーツバー A's　茅場町店,44.4,ダーツバー A's　　茅場町店 | ダーツバー A's　茅場町店
44,大勝軒現調　@沖,,31.6,大勝軒現調　@沖
47,開ける,,14.3,開ける
48,スモールズ保健所確認,,21.1,スモールズ保健所確認
50,輝らく　分割請求送付,,46.2,輝らく　分割請求送付
51,チームラボ行く,,23.5,チームラボ行く
54,引っ越し当日ボブさん来てくれる,,18.2,引っ越し当日ボブさん来てくれる
55,【店舗】肉屋食堂 たけうち,"肉屋食堂たけうち, 日本、〒124-0024 東京都葛飾区新小岩１丁目３２−５",30.8,肉屋食堂 たけうち | 肉屋食堂たけうち
57,いずみちゃん,,21.1,いずみちゃん
59,かおりさんと泊まり,,35.3,かおりさんと泊まり
60,【現地調査】スモールズ　冷蔵庫修繕,,21.1,スモールズ　冷蔵庫修繕
61,業務用エアコン輝らく取り付け,,33.3,業務用エアコン輝らく取り付け
62,オンザプラネットエアコン清掃　中島さん,,25.0,オンザプラネットエアコン　中島さん
63,【定期隔週清掃】アトミック　bar,,35.3,アトミック　bar
66,【現地調査】ダイニングエッジ楽が気,,31.6,ダイニングエッジ楽が気
69,餃子楼フィルター納品,,17.6,餃子楼フィルター納品
70,閑野ディズニー,,28.6,閑野ディズニー
72,要工業　小串さん打ち合わせ,,14.3,要工業　小串さん打ち合わせ
73,いずみちゃん,,21.1,いずみちゃん
74,プレックス面接,,23.5,プレックス面接
75,会社休み,,0.0,会社休み
77,ハイゼット荷台清掃,"https://www.google.com/maps/place/%E3%80%92333-0848+%E5%9F%BC%E7%8E%89%E7%9C%8C%E5%B7%9D%E5%8F%A3%E5%B8%82%E8%8A%9D%E4%B8%8B%EF%BC%93%E4%B8%81%E7%9B%AE%EF%BC%91/@35.8386643,139.6968175,17z/data=!3m1!4b1!4m6!3m5!1s0x601894d72545af93:0xf154ec24dc90991a!8m2!3d35.8387034!4d139.6992743!16s%2Fg%2F11b8vd3vn8?entry=ttu&g_ep=EgoyMDI1MTExOC4wIKXMDSoASAFQAw%3D%3D",26.7,ハイゼット荷台 | https://www.google.com/maps/place/%E3%80%92333-0848+%E5%9F%BC%E7%8E%89%E7%9C%8C%E5%B7%9D%E5%8F%A3%E5%B8%82%E8%8A%9D%E4%B8%8B%EF%BC%93%E4%B8%81%E7%9B%AE%EF%BC%91/@35.8386643
78,たまき新宿２号店 　エアコン修理工事,,48.0,たまき新宿２号店 　エアコン修理工事
79,電気工事　朝霞台駅,,20.0,電気工事　朝霞台駅
80,ニーハオ大井町　ワックス清掃,,40.0,ニーハオ大井町　ワックス
81,おずちゃん家遊ぶ,,13.3,おずちゃん家遊ぶ
82,柴ご飯,,0.0,柴ご飯
83,tacomaru03@gmail.comディズニープラス解約,,31.1,tacomaru03@gmail.comディズニープラス解約
85,佐藤さん訪問,,20.0,佐藤さん訪問
86,ラットシート５連結したものを渡す３セット　ネズミ駆除を目的とした定期清掃,"東京寿司 ITAMAE SUSHI 愛宕店, 日本、〒105-0001 東京都港区虎ノ門３丁目２１−５ 愛宕グリーンヒルズプラザ1F",34.3,ラットシート５連結したものを渡す３セット　ネズミ駆除を目的とした | 東京寿司 ITAMAE SUSHI 愛宕店
88,株式会社弥平,横浜市中区野毛町2-102 川本ビル3階,33.3,株式会社弥平 | 横浜市中区野毛町2-102 川本ビル3階
89,都内に移動,,0.0,都内に移動
90,株式会社　SIART,東京都文京区本郷2-39-10（スペインバルカリエンテ）,42.9,株式会社　SIART | 東京都文京区本郷2-39-10（スペインバルカリエンテ）
93,輝らく　カメラ回収,,50.0,輝らく　カメラ回収
94,休み,,0.0,休み
95,ゴミ回収　さかなさま,,58.8,ゴミ回収　さかなさま
97,業務用エアコン輝らく取り外し（分解して売るとちょっと高くなる）,,18.2,業務用エアコン輝らく取り外し（分解して売るとちょっと高くなる）
98,ちなちゃん,,16.7,ちなちゃん
102,銀座小肥羊 ネズミ駆除　対応,,30.0,銀座小肥羊 ネズミ駆除　対応
103,神谷光明様（Saleshub）zoom 面談　紹介案件,,25.0,神谷光明様（Saleshub）zoom 面談　紹介案件
105,【本社】株式会社ドリームダブルコーポレーション,東京都新宿区下宮比町2-1 第一勧銀稲垣ビル B1F,27.3,株式会社ドリームダブルコーポレーション | 東京都新宿区下宮比町2-1 第一勧銀稲垣ビル B1F | 定期清掃入れている店舗が1店舗、その他店舗はスポットで依頼
106,板前鮨愛宕店　ネズミ駆除2回目,,38.5,板前鮨愛宕店　ネズミ駆除2回目
107,【追加スポット清掃】bar atomic エアコン分解洗浄,,46.2,bar atomic エアコン分解洗浄
108,後藤さんとご飯,,18.2,後藤さんとご飯
109,ダーツバー A's　清掃　茅場町店,ダーツバー A's　茅場町店,44.4,ダーツバー A's　　茅場町店 | ダーツバー A's　茅場町店
111,スモールズ　不夜城,,47.6,スモールズ　不夜城
112,いずみちゃん,,21.1,いずみちゃん
113,【テレアポ訪問】みかわ,"中華そば みかわ, 日本、〒230-0051 神奈川県横浜市鶴見区鶴見中央１丁目４−３",25.0,みかわ | 中華そば みかわ | 店長：ハンダさま
114,デイジー川口市役所店 棚設置,,30.0,デイジー川口市役所店 棚設置
115,害虫駆除レクチャー,,13.3,害虫駆除レクチャー
116,一見さん査察　浅田さん紹介,https://maps.app.goo.gl/kBijevFs2YU4Av2aA?g_st=com.google.maps.preview.copy,20.0,一見さん査察　浅田さん紹介 | https://maps.app.goo.gl/kBijevFs2YU4Av2aA?g_st=com.google.maps.preview.copy
117,口座残高確認,,22.2,口座残高確認
120,串揚げじゅらく　アメ横店 ４店舗現地調査,"酒亭じゅらく 上野店, 日本、〒110-0005 東京都台東区上野６丁目１１−６",42.9,串揚げじゅらく　アメ横店 ４店舗現地調査 | 酒亭じゅらく 上野店
121,買い出しリスト,,25.0,買い出しリスト
122,いずみちゃん,,21.1,いずみちゃん
123,15時歯医者,,0.0,15時歯医者
124,【最終日】株式会社エジソン電灯　大澤岳則（レポート作成不要）4日目/4日目,,28.6,株式会社エジソン電灯　大澤岳則（レポート作成不要）4日目 | 4日目
126,ハイキュー併せ,,28.6,ハイキュー併せ
127,ゴミ回収請求書送付,,14.3,ゴミ回収請求書送付
128,森作ライブ,,33.3,森作ライブ
129,となコスまめちゃんととりちゃん,,26.1,となコスまめちゃんととりちゃん
134,＠Googlemeet　hairVR株式会社様,,30.3,＠Googlemeet　hairVR株式会社様 | 株式会社店サポ様中心に、概算のご提案をさせていただきます。
135,Lemuel 休み,,32.0,Lemuel 休み
136,s bar現金回収したか確認,,29.6,s bar現金回収したか確認
137,株式会社フードリヴァンプ x 正田和輝プライベート: 訪問させていただく日程調整お打ち合わせ,,13.3,株式会社フードリヴァンプ x 正田和輝プライベート: 訪問させていただく日程調整お打ち合わせ
138,8:30出勤,,28.6,8:30出勤
139,【訪問営業】東神かおたん　タケヤマ代表,"中国料理 かおたん, 日本、〒107-0052 東京都港区赤坂６丁目３−１５",21.1,東神かおたん　タケヤマ代表 | 中国料理 かおたん
140,らーめん直久新宿西口店　現地調査,"らーめん直久 新宿西口店, 日本、〒160-0023 東京都新宿区西新宿１丁目６−６ 新宿エルタワー B2「エルプラザ」",42.9,らーめん直久新宿西口店　現地調査 | らーめん直久 新宿西口店
141,【スポット清掃】味のなかむら,,30.8,味のなかむら
142,zoom URL,,37.5,zoom URL
143,遠藤さん16日エアコン不要,,14.8,遠藤さん16日エアコン不要
144,Lemuel 休み,,32.0,Lemuel 休み
146,電気工事　朝霞台駅,,20.0,電気工事　朝霞台駅
147,いずみちゃんと土間16時,,16.0,いずみちゃんと土間16時
149,増田家旅行,,25.0,増田家旅行
150,デイジー棚つけ,,23.5,デイジー棚つけ
153,白須 大吉,,28.6,白須 大吉
154,神戸物産プレミアムカルビ　越谷レイクタウン 査察　梅岡様,"プレミアムカルビ レイクタウン店, 日本、〒343-0828 埼玉県越谷市レイクタウン５丁目１−２",28.6,神戸物産プレミアムカルビ　越谷レイクタウン 査察　梅岡様 | プレミアムカルビ レイクタウン店
155,デニーロ神田　査察,,36.4,デニーロ神田　査察
156,休み,,0.0,休み
157,【現調】串焼こがね越谷,"串焼き こがね, 日本、〒343-0845 埼玉県越谷市南越谷１丁目２０−４ 岩淵ビル 1F",75.0,串焼こがね越谷 | 串焼き こがね
159,ITパスポート試験予定日御茶ノ水試験会場,,19.0,ITパスポート試験予定日御茶ノ水試験会場
161,トリオ集合,,50.0,トリオ集合
163,TDCマドマギ まどか,,21.1,TDCマドマギ まどか
164,引っ越し2日目,,25.0,引っ越し2日目
165,富士急ハイランド草加,,27.3,富士急ハイランド草加
166,仮【スポット清掃】 FAST OYSTERS,,38.1,仮【】 FAST OYSTERS | 店長：ワタナベ様 | おかわり案件（店長立ち会い案件）
167,新橋生ラムかんな　ネズミ駆除カメラと殺鼠剤食っているかのチェック調査,,14.0,新橋生ラムかんな　ネズミ駆除カメラと殺鼠剤食っているかのチェック調査
170,面接14:00,,0.0,面接14:00
171,【テレアポ訪問】ハツスケ,"とり処 初介, 日本、〒151-0071 東京都渋谷区本町１丁目２−２ 榎本ビル 1F",25.0,ハツスケ | とり処 初介 | 店長：リン様
173,パソナ　キャリアチェンジ デザイナー面談,,23.1,パソナ　キャリアチェンジ デザイナー面談
175,うまるちゃん併せ池ハロ,,25.0,うまるちゃん併せ池ハロ
176,馬力新橋　エアコン交換取り付け現地調査,,21.4,馬力新橋　エアコン交換取り付け現地調査
177,ダイナースカード　締日,,22.2,ダイナースカード　締日
181,ななことあう原宿14:45,,13.3,ななことあう原宿14:45
182,とんでん江北　漏電調査,"北海道生まれ和食処とんでん江北店, 日本、〒123-0872 東京都足立区江北３丁目３７−１９",23.5,とんでん江北　漏電調査 | 北海道生まれ和食処とんでん江北店
183,ユーネクスト解約する,,21.1,ユーネクスト解約する
188,【現場調査】2TAPさま　食堂かど,"ヴィラ三軒茶屋, 日本、〒154-0004 東京都世田谷区太子堂４丁目２６−６ ヴィラ三軒茶屋 1F",61.5,2TAPさま　食堂かど | ヴィラ三軒茶屋
189,資料作成打合せ,,11.1,資料作成打合せ
191,株式会社ジーエル・パートナーズ 瀧本様 x 正田和輝プライベート: 訪問させていただく日程調整お打ち合わせ,東京都世田谷区用賀4-13-1,31.6,株式会社ジーエル | パートナーズ 瀧本様 x 正田和輝プライベート: 訪問させていただく日程調整お打ち合わせ | 東京都世田谷区用賀4-13-1 | ⇒　「中華そば　節」の用賀店 | ・費用感：店舗によって異なるため、ぱっと出てこない
192,休み,,0.0,休み
193,柴田さん撮影予定善逸柱,,18.2,柴田さん撮影予定善逸柱
194,川口花火大会,,22.2,川口花火大会
197,茨木童子まめちゃんと！！！イベント！,,15.4,茨木童子まめちゃんと！！！イベント！
198,【現地調査】逆瀬川　城井さん,,20.0,逆瀬川　城井さん
200,ベロニカドラクエ併せ,,21.1,ベロニカドラクエ併せ
201,ふやまさんと水族館,,30.0,ふやまさんと水族館
206,近藤hairVR解約対応,,28.6,近藤hairVR解約対応
209,グルメパートナーズ 打ち合わせ予約カレンダー,https://us02web.zoom.us/j/89574496152?pwd=6jme8mrmMZbQc31zl3OfD2hzORq9bS.1,16.7,グルメパートナーズ 打ち合わせ予約カレンダー | https://us02web.zoom.us/j/89574496152?pwd=6jme8mrmMZbQc31zl3OfD2hzORq9bS.1
210,親睦会（池袋飲み）,"ハース池袋, 日本、〒171-0022 東京都豊島区南池袋１丁目２０−８",50.0,親睦会（池袋飲み） | ハース池袋
212,いずみちゃん,,21.1,いずみちゃん
214,TRATTORIAFILARE　店舗査察　　正田テレアポ獲得,"TRATTORIA FILARE (トラットリア フィラーレ), 日本、〒151-0051 東京都渋谷区千駄ケ谷３丁目３１−３ ウェルスクエアイズム 102",34.3,TRATTORIAFILARE　店舗査察　　正田テレアポ獲得 | TRATTORIA FILARE (トラットリア フィラーレ) | 店長：茅根
217,ラムラ株式会社　麹蔵　市谷店査察　床汚い清掃,"麹蔵 市ヶ谷店, 日本、〒102-0073 東京都千代田区九段北４丁目２−２−６ 市ヶ谷ビル B1",44.4,ラムラ株式会社　麹蔵　市谷店査察　床汚い | 麹蔵 市ヶ谷店
219,新橋バーラウンジ 配管つまりトラブル対応,,55.2,新橋バーラウンジ 配管つまりトラブル対応
222,ペン坊清掃内容確認。メール返信なければ電話,,22.2,ペン坊内容確認。メール返信なければ電話
225,【商談中案件訪問】赤坂サカス付近,,40.0,赤坂サカス付近
226,事務所電話(年),,11.8,事務所電話(年)
227,ちなちゃんとあそぶ,,12.5,ちなちゃんとあそぶ
228,mossitavio 永福町　配管工事,,47.1,mossitavio 永福町　配管工事
229,銀座 小肥羊 週次対応,,35.3,銀座 小肥羊 週次対応
230,GOSSO　0秒レモンサワー　 深夜渋谷清掃　2回目/2回,,50.0,GOSSO　0秒レモンサワー　 深夜渋谷　2回目 | 2回 | 鍵はキーボックスで対応と店内のSECOMの解除も必要です。
231,craft cheeze maeket 撮影不備再撮影,,29.3,craft cheeze maeket 撮影不備再撮影
232,たまき新宿２号店 　エアコン修理工事,,48.0,たまき新宿２号店 　エアコン修理工事
234,レポート確認,,22.2,レポート確認
235,GOSSO　0秒レモンサワー　 深夜渋谷清掃 ３回目/３回,,18.8,GOSSO　0秒レモンサワー　 深夜渋谷 ３回目 | ３回 | 鍵はキーボックスで対応と店内のSECOMの解除も必要です。
236,パセラ　上野店　査察,,46.2,パセラ　上野店　査察
239,長田さん　不夜城査察,,27.3,長田さん　不夜城査察
240,六本木 ゴミ回収,東京都港区六本木４丁目-８-１２,22.2,六本木 ゴミ回収 | 東京都港区六本木４丁目-８-１２
244,ドラクエカミュ,,16.7,ドラクエカミュ
247,家族飲み,,0.0,家族飲み
249,Msさんとごはん,,21.1,Msさんとごはん
252,ダイナック　岡さん　パパミラノ　テレアポから,東京都港区台場2ー3ー3 サントリーワールドヘッドクォーターズ内,16.2,ダイナック　岡さん　パパミラノ　テレアポから | 東京都港区台場2ー3ー3 サントリーワールドヘッドクォーターズ内
254,いずみちゃんとあそぶ,,17.4,いずみちゃんとあそぶ
256,Lemuel 休み,,32.0,Lemuel 休み
258,【スポット清掃】長谷川さん宅,"小袋谷２丁目７−１８, 日本、〒247-0055 神奈川県鎌倉市小袋谷２丁目７−１８",22.2,長谷川さん宅 | 小袋谷２丁目７−１８
262,【訪問】有限会社成順さま,,33.3,有限会社成順さま
263,株式会社高繁フードサービス　大木様 x 正田和輝プライベート: 訪問させていただく日程調整お打ち合わせ,東京都新宿区新宿3-10-4,26.7,株式会社高繁フードサービス　大木様 x 正田和輝プライベート: 訪問させていただく日程調整お打ち合わせ | 東京都新宿区新宿3-10-4 | 店舗によって業者が違う。
264,新橋生ラムかんな　ネズミ駆除カメラと防鼠,,20.7,新橋生ラムかんな　ネズミ駆除カメラと防鼠
266,餃子楼　査察,,25.0,餃子楼　査察
268,【訪問営業】株式会社スパイスワークス伊勢田様,"神田佐久間町３丁目２１−７, 日本、〒101-0025 東京都千代田区神田佐久間町３丁目２１−７",27.3,株式会社スパイスワークス伊勢田様 | 神田佐久間町３丁目２１−７
269,ダーツバー A's　清掃　茅場町店,ダーツバー A's　茅場町店,44.4,ダーツバー A's　　茅場町店 | ダーツバー A's　茅場町店
272,直也さんごはん,,22.2,直也さんごはん
273,【商談訪問】赤坂中華,"中国料理 かおたん, 日本、〒107-0052 東京都港区赤坂６丁目３−１５",57.1,赤坂中華 | 中国料理 かおたん
274,ユニバ,,20.0,ユニバ
276,戸田さんヒロアカ映画,,15.4,戸田さんヒロアカ映画
279,西新宿デイジー　カーテンロール修繕,,30.0,西新宿デイジー　カーテンロール修繕
280,業務用エアコン輝らく取り付け,,33.3,業務用エアコン輝らく取り付け
284,フレフレ併せ,,13.3,フレフレ併せ
285,エアコン洗浄　銀座ボディメイク,"MUSCLE BODY MAKE, 日本、〒104-0061 東京都中央区銀座１丁目１５−１４ 北村企業ビル 4F",50.0,エアコン洗浄　銀座ボディメイク | MUSCLE BODY MAKE
287,パセラ,,22.2,パセラ
288,株式会社くるまやラーメン,東京都足立区綾瀬3-16-4　とうしんビル7階,28.6,株式会社くるまやラーメン | 東京都足立区綾瀬3-16-4　とうしんビル7階
291,【調整中】株式会社タウンダイニング,東京都千代⽥区岩本町2-6-10 第一中野ビル,25.0,株式会社タウンダイニング | 東京都千代⽥区岩本町2-6-10 第一中野ビル
294,株式会社源八船頭,"八丈島郷土料理 源八船頭 目黒店, 日本、〒153-0064 東京都目黒区下目黒１丁目３−２８ サンウッド目黒 2F",31.6,株式会社源八船頭 | 八丈島郷土料理 源八船頭 目黒店 | 役職：店舗統括
295,温泉,,8.3,温泉
296,支店登記簿登録,,22.2,支店登記簿登録
297,影日,,33.3,影日
299,オズちゃとハイキュー 影山,,24.0,オズちゃとハイキュー 影山
301,デリカテッセン　メール返信対応,,38.9,デリカテッセン　メール返信対応
303,【店舗】株式会社タケル,"馬肉専門バル 跳ね馬 田町三田店, 日本、〒108-0014 東京都港区芝５丁目２２−５ 原田ビル 1Ｆ",25.0,株式会社タケル | 馬肉専門バル 跳ね馬 田町三田店
304,リボーン未来編綱吉(仮),,27.3,リボーン未来編綱吉(仮)
305,倉若コナン映画,,18.2,倉若コナン映画
311,BBQ ミセサポ,,18.2,BBQ ミセサポ
315,株式会社テイクユー　本社挨拶,"新橋アネックス, 日本、〒105-0004 東京都港区新橋５丁目３５−１０",40.0,株式会社テイクユー　本社挨拶 | 新橋アネックス
318,株式会社直久,東京都目黒区碑文谷5-15-1 碑文谷マンション2F,25.0,株式会社直久 | 東京都目黒区碑文谷5-15-1 碑文谷マンション2F | ・役職：店舗事業部部長
320,三菱電機　05362 5 0900,,12.5,三菱電機　05362 5 0900
321,株式会社WiZ面接,,14.8,株式会社WiZ面接
322,中目黒まんてん　おかわりグリストラップ,,34.5,中目黒まんてん　おかわりグリストラップ
323,アトミック　bar 毎週清掃,,31.6,アトミック　bar 毎週
325,ダイニングエッジ　楽が気　ドア修理,,26.1,ダイニングエッジ　楽が気　ドア修理
327,ダーツバー水道橋 壁紙 現地調査,,33.3,ダーツバー水道橋 壁紙 現地調査
329,【スポット清掃】 FAST OYSTERS,,40.0,FAST OYSTERS | 店長：ワタナベ様 | おかわり案件（店長立ち会い案件）
330,梅岡打合せ,,0.0,梅岡打合せ
331,ゴミ回収  正田代打依頼,,15.4,ゴミ回収  正田代打依頼
332,ダイニングエッジ楽が気　電気工事 ブレーカー漏電確認,,18.8,ダイニングエッジ楽が気　電気工事 ブレーカー漏電確認
333,サンクスコーポレーション　査察,,27.3,サンクスコーポレーション　査察 | 各店舗査察して、清掃必要そうな箇所を写真撮って、見積を送る。
334,株式会社ハングリータイガー,神奈川県横浜市保土ヶ谷区仏向町991-1 (ハングリータイガー）,28.6,株式会社ハングリータイガー | 神奈川県横浜市保土ヶ谷区仏向町991-1 (ハングリータイガー） | ・費用感：清掃については把握していない、害虫駆除は全店で月26万円ほど
335,地域創生ビジネス交流会２０２５＜東京会場＞,,13.3,地域創生ビジネス交流会２０２５＜東京会場＞
336,キャリーさん入社,,30.0,キャリーさん入社
337,【現地調査】肉の関山　地下貯水槽の清掃,"巣鴨３丁目２４−９, 日本、〒170-0002 東京都豊島区巣鴨３丁目２４−９",26.7,肉の関山　地下貯水槽の | 巣鴨３丁目２４−９
338,おずちゃんとももみつ捏造私服,,19.0,おずちゃんとももみつ捏造私服
339,PayPayウェブ面接19時,,27.3,PayPayウェブ面接19時
340,えだちゃん、とりちゃんフレフレ併せ伊織,,20.0,えだちゃん | とりちゃんフレフレ併せ伊織
346,かまぼこプラス禰豆子併せ,,20.0,かまぼこプラス禰豆子併せ
347,ペン坊 フィルター設置,"麺と肴 担々麺 ぺん坊, 日本、〒130-0001 東京都墨田区吾妻橋３丁目６−１５ サンサーラ吾妻橋 105",77.8,ペン坊 フィルター設置 | 麺と肴 担々麺 ぺん坊
348,大手町佳樹園　砂子田社長,大手町佳樹園,40.0,大手町佳樹園　砂子田社長 | 大手町佳樹園
354,増田家,,33.3,増田家
356,株式会社オン・ザ・プラネット　魚豪商コダマ錦糸町,"第二魚寅ビル, 日本、〒130-0022 東京都墨田区江東橋３丁目１３−８ 第二魚寅ビル",40.0,株式会社オン | ザ | プラネット　魚豪商コダマ錦糸町 | 第二魚寅ビル
359,株式会社ロイヤルストレートフラッシュ,東京都渋谷区渋谷3丁目21-3 ストリーム 3F,22.2,株式会社ロイヤルストレートフラッシュ | 東京都渋谷区渋谷3丁目21-3 ストリーム 3F | ・費用感：店舗によってまちまちで、電話口では不明
362,青柳昇 営業　てん坊,"吾妻橋３丁目６−１５, 日本、〒130-0001 東京都墨田区吾妻橋３丁目６−１５",21.1,青柳昇 営業　てん坊 | 吾妻橋３丁目６−１５
363,株式会社T.H.S,春日部市中央1-52-2 (正龍軒,33.3,株式会社T.H.S | 春日部市中央1-52-2 (正龍軒
364,新橋バーラウンジ　グリストラップ残り業務処理,,51.6,新橋バーラウンジ　グリストラップ残り業務処理
365,モンハンたいがさん昼,,25.0,モンハンたいがさん昼
367,株式会社ＤＲＣ,東京都中央区八丁堀３丁目１４−６,19.0,株式会社ＤＲＣ | 東京都中央区八丁堀３丁目１４−６
369,新橋生ラムカンナ　防鼠工事,,36.4,新橋生ラムカンナ　防鼠工事
370,発酵デリカッセン新宿高島屋　清掃,,45.7,発酵デリカッセン新宿高島屋
372,準備休み,,0.0,準備休み
373,アリ類の生態と防除,,14.3,アリ類の生態と防除
374,MASSIMOTTVIO 50000円（税込）に減額して清掃,"マッシモッタヴィオ, 日本、〒168-0064 東京都杉並区永福４丁目４−４ 六本木ファイブビル",57.1,MASSIMOTTVIO 50000円（税込）に減額して | マッシモッタヴィオ
375,麻布台ヒルズ(毎日清掃)　現地調査,"蕎麦前 山都(麻布台ヒルズ), 日本、〒106-0041 東京都港区麻布台１丁目３−１ ヒルズ タワープラザ 3階",26.7,麻布台ヒルズ(毎日)　現地調査 | 蕎麦前 山都(麻布台ヒルズ)
376,会社休み,,0.0,会社休み
377,電気工事　朝霞台駅,,20.0,電気工事　朝霞台駅
379,株式会社Stove’s market,東京都渋谷区千駄ケ谷５丁目２０−２１ ほぼ新宿のれん街 わ 区画（双葉荘）,46.7,株式会社Stove’s market | 東京都渋谷区千駄ケ谷５丁目２０−２１ ほぼ新宿のれん街 わ 区画（双葉荘）
381,㈱ロイヤルストレートフラッシュ 床張り替え現調,,17.6,㈱ロイヤルストレートフラッシュ 床張り替え現調
382,ダーツバー A's　清掃　茅場町店,ダーツバー A's　茅場町店,44.4,ダーツバー A's　　茅場町店 | ダーツバー A's　茅場町店
383,生ラムかんな　防鼠工事　＠外注,,19.0,生ラムかんな　防鼠工事　＠外注
389,増田休み,,28.6,増田休み
390,有限会社チンズコーポレーション,東京都千代田区丸の内3-7-10 鍛冶橋高架下1階 　（陳家私菜　丸の内店）,26.1,有限会社チンズコーポレーション | 東京都千代田区丸の内3-7-10 鍛冶橋高架下1階 　（陳家私菜　丸の内店）
391,GOSSO　0秒レモンサワー　 深夜渋谷清掃　梅岡定期清掃,,19.4,GOSSO　0秒レモンサワー　 深夜渋谷　梅岡 | 鍵はキーボックスで対応と店内のSECOMの解除も必要です。
395,スモールズ事務所　トイレウォッシュレット修繕,東京都新宿区大久保1-14-20プティベルソ105,23.3,スモールズ事務所　トイレウォッシュレット修繕 | 東京都新宿区大久保1-14-20プティベルソ105
396,SPI保険　対面,"ドトールコーヒーショップ 蕨西口店, 日本、〒335-0004 埼玉県蕨市中央１丁目２３",22.2,SPI保険　対面 | ドトールコーヒーショップ 蕨西口店
397,神田馬力ベルト交換,,33.3,神田馬力ベルト交換
401,ラウンドワン ママたちカラオケ11時,,22.2,ラウンドワン ママたちカラオケ11時
402,ダーツバー A's　清掃　茅場町店,ダーツバー A's　茅場町店,44.4,ダーツバー A's　　茅場町店 | ダーツバー A's　茅場町店
403,増田休み,,28.6,増田休み
404,仕事,,0.0,仕事
405,住民票もらいにいく,,30.8,住民票もらいにいく
406,梅岡ユウジ　家賃振込確認,,19.0,梅岡ユウジ　家賃振込確認
407,ハチ類の生態と防除,,14.3,ハチ類の生態と防除
408,やまさんごはん,,33.3,やまさんごはん
409,板前寿司愛宕店ネズミ駆除,"東京寿司 ITAMAE SUSHI 愛宕店, 日本、〒105-0001 東京都港区虎ノ門３丁目２１−５ 愛宕グリーンヒルズプラザ1F",58.3,板前寿司愛宕店ネズミ駆除 | 東京寿司 ITAMAE SUSHI 愛宕店
411,ダイナースカード　締日,,22.2,ダイナースカード　締日
412,三軒茶屋　パズルフード　餃子楼,,42.1,三軒茶屋　パズルフード　餃子楼
413,スモールズ　椅子撤去　トラック運び出し,,22.2,スモールズ　椅子撤去　トラック運び出し
420,かんのディズニー,,26.7,かんのディズニー
421,凪初回特典小ライスに変更,,16.7,凪初回特典小ライスに変更
424,酒と肴ペン坊 清掃,"サンサーラ吾妻橋マンション, 日本、〒130-0001 東京都墨田区吾妻橋３丁目６−１５ サンサーラ吾妻橋マンション",66.7,酒と肴ペン坊 | サンサーラ吾妻橋マンション
426,いずみちゃんお泊まりスポッチャ,,18.2,いずみちゃんお泊まりスポッチャ
427,いずみちゃん遊ぶ,,19.0,いずみちゃん遊ぶ
428,たく,,33.3,たく
429,昼モンハン,,31.6,昼モンハン
430,ゴミ回収こだま錦糸町のみ不燃ゴミ,,30.0,ゴミ回収こだま錦糸町のみ不燃ゴミ
431,ネズミ駆除 粘着版200枚　麺と魚　ペン坊,,37.0,ネズミ駆除 粘着版200枚　麺と魚　ペン坊
433,TSC ゴーゴーカレー渋谷警察署前　現調,ゴーゴーカレー渋谷警察,28.6,TSC ゴーゴーカレー渋谷警察署前　現調 | ゴーゴーカレー渋谷警察
435,ワクチン,,33.3,ワクチン
436,【店舗】株式会社ダスフーズ,〒243-0018 神奈川県横浜市保土ケ谷区天王町2-45-3 星天qlay,28.6,株式会社ダスフーズ | 〒243-0018 神奈川県横浜市保土ケ谷区天王町2-45-3 星天qlay | 役職：店舗管理者
439,デイジイ川口市役所店　棚制作見積もり,,44.4,デイジイ川口市役所店　棚制作見積もり | 川口市役所店
440,武蔵野アブラ学会 吉祥寺店　現調,,23.5,武蔵野アブラ学会 吉祥寺店　現調
441,海へドライブ,,30.8,海へドライブ
442,モンキーツリー　ラグ交換,モンキーツリー馬喰町,63.6,モンキーツリー　ラグ交換 | モンキーツリー馬喰町
446,1回目　正田様　Google広告お打ち合わせ,,16.2,1回目　正田様　Google広告お打ち合わせ
448,カイザーキッチン株式会社,東京都台東区浅草1-6-1味乃一番ビル（珈琲館浅草店）,62.5,カイザーキッチン株式会社 | 東京都台東区浅草1-6-1味乃一番ビル（珈琲館浅草店） | ・住所：東京都台東区浅草1-6-1味乃一番ビル（珈琲館浅草店） | （店舗によって頻度などはまばら）
449,【スポット】並木橋なかむら　WiFi 設置,,20.7,並木橋なかむら　WiFi 設置
450,イタリアン　スオーノ 飲食店清掃,,25.0,イタリアン　スオーノ 飲食店
451,ぷにーさんと茨木童子,,23.5,ぷにーさんと茨木童子
452,梅岡神戸物産 お打ち合わせ　提案,,11.8,梅岡神戸物産 お打ち合わせ　提案
454,LEMUEL 休み,,32.0,LEMUEL 休み
455,直久　新宿西口店の現調,,46.2,直久　新宿西口店の現調
459,生ラムかんな　状況確認　カメラ設置,,17.4,生ラムかんな　状況確認　カメラ設置
460,ネズミ駆除　生ラムかんな,,21.1,ネズミ駆除　生ラムかんな
461,メティウスフーズ　鏑木様：面談,,15.8,メティウスフーズ　鏑木様：面談
462,輝らく　ネズミ粘着版　回収,,40.0,輝らく　ネズミ粘着版　回収
463,輝らくホール床,,54.5,輝らくホール床
464,増田休み,,28.6,増田休み
466,【訪問商談】やざわ　西口さま,"極・和牛焼肉 やざわ, 日本、〒171-0022 東京都豊島区南池袋１丁目１８−２３ ルックハイツ 池袋 A棟 B館B1階",30.8,やざわ　西口さま | 極・和牛焼肉 やざわ
467,広島かえる,,16.7,広島かえる
469,六本木月一ゴミ回収,,18.2,六本木月一ゴミ回収
471,株式会社ラグーンインターナショナル,東京都千代田区鍛冶町1-7-11 KCAビル１階 (神田今川橋店),31.6,株式会社ラグーンインターナショナル | 東京都千代田区鍛冶町1-7-11 KCAビル１階 (神田今川橋店) | ・住所：東京都千代田区鍛冶町1-7-11 KCAビル１階 (神田今川橋店)
472,銀座 小肥羊 週次対応,,35.3,銀座 小肥羊 週次対応
476,さーちゃんと燭へし,,25.0,さーちゃんと燭へし
478,ヒロアカハロウィン出久,,19.0,ヒロアカハロウィン出久
482,板前寿司愛宕店ネズミ駆除,,58.3,板前寿司愛宕店ネズミ駆除 | 愛宕店防災センター申請ずみ
483,エアコン調整　中島さんヘルプ,,21.1,エアコン調整　中島さんヘルプ
484,愛宕店ネズミ駆除@イカリ消毒,,24.0,愛宕店ネズミ駆除@イカリ消毒
485,いずみちゃん,,21.1,いずみちゃん
487,石塚さんとご飯,,20.0,石塚さんとご飯
490,中澤裕休み,,25.0,中澤裕休み
491,【現地調査】焼肉　美そ乃　伊藤様（スモールズご紹介）,"ひとり焼肉 美そ乃, 日本、〒171-0021 東京都豊島区西池袋１丁目１８−１ 五光ビル 1F",30.8,焼肉　美そ乃　伊藤様（スモールズご紹介） | ひとり焼肉 美そ乃
492,遠藤さん17日エアコン不要,,14.8,遠藤さん17日エアコン不要
493,デイジー棚つけ,,23.5,デイジー棚つけ
494,【テレアポ訪問】秋葉原ラーメン,"麺屋武一 秋葉原店, 日本、〒101-0021 東京都千代田区外神田３丁目１３−５",35.3,秋葉原ラーメン | 麺屋武一 秋葉原店 | 店長：オオカ様にて応対
501,歌舞伎町　S BAR  初回清掃,〒160-0021 東京都新宿区歌舞伎町１丁目１５−７ 栄喜堂ビル 3F,33.3,歌舞伎町　S BAR  初回 | 〒160-0021 東京都新宿区歌舞伎町１丁目１５−７ 栄喜堂ビル 3F | お店が3階で、エレベーターがありません。 | 店舗自体の内装はきれいですが、節々に埃が溜まっているのが気になるとのこと。 | お店の鍵は受け渡しになります。
506,【定期隔週清掃】アトミック　bar,,35.3,アトミック　bar
507,アークランドサービスホールディングス株式会社 打ち合わせ,"神田駿河台４丁目３, 日本、〒101-0062 東京都千代田区神田駿河台４丁目３",33.3,アークランドサービスホールディングス株式会社 打ち合わせ | 神田駿河台４丁目３
509,ポッセ併せ,,20.0,ポッセ併せ
511,デリバリー代理店 請求書送付,,24.0,デリバリー代理店 請求書送付
514,」,,0.0,」
516,本社訪問営業 @正田案件,"太子堂２丁目８−７, 日本、〒154-0004 東京都世田谷区太子堂２丁目８−７",16.7,本社訪問営業 @正田案件 | 太子堂２丁目８−７
517,発酵デリカッセン新宿高島屋　清掃,,45.7,発酵デリカッセン新宿高島屋
520,株式会社ベルーナ,埼玉県上尾市宮本町4番2号（本社）,40.0,株式会社ベルーナ | 埼玉県上尾市宮本町4番2号（本社）
522,小牧市　オークション確認,,19.0,小牧市　オークション確認
524,業務用エアコン輝らく取り付け,,33.3,業務用エアコン輝らく取り付け
525,feeep 秋葉原岩本町2階　査察　ケミカルクラック対策,feeep 秋葉原岩本町,25.0,feeep 秋葉原岩本町2階　査察　ケミカルクラック対策 | feeep 秋葉原岩本町
527,稲見さんウォーターサーバー頼む,,25.6,稲見さんウォーターサーバー頼む
529,まめちゃん,,25.0,まめちゃん
530,梅岡大使館予定,,22.2,梅岡大使館予定
532,やきとり大吉 桜丘店　査察,東京都 世田谷区 桜丘3-24-4,40.0,やきとり大吉 桜丘店　査察 | 東京都 世田谷区 桜丘3-24-4
533,酒亭じゅらく 上野店 ４店舗現地調査,"酒亭じゅらく 上野店, 日本、〒110-0005 東京都台東区上野６丁目１１−６",42.9,酒亭じゅらく 上野店 ４店舗現地調査 | 酒亭じゅらく 上野店
534,【オンライン面談】日本テレアポセンター山下（SS特典適用）,,17.4,日本テレアポセンター山下（SS特典適用）
536,デイジー追加清掃,,25.0,デイジー追加
538,新橋楽が気 電気工事 @不二電興社対応,,21.1,新橋楽が気 電気工事 @不二電興社対応
539,茅場町不用品回収,,40.0,茅場町不用品回収
540,BAR FD 六本木2か月も1回ゴミ回収,"BAR FD, Miyashita Bldg., ４丁目-８-12 六本木 港区 東京都 106-0032 日本",42.9,BAR FD 六本木2か月も1回ゴミ回収 | BAR FD
543,とくやまホールディングス分とく山現調,,25.0,とくやまホールディングス分とく山現調
544,わ,,0.0,わ
545,株式会社SARA 現調　ファンベルト交換,,25.8,株式会社SARA 現調　ファンベルト交換
546,パセラ,,22.2,パセラ
548,楽が気 電気工事 応急処置対応,,13.3,楽が気 電気工事 応急処置対応
549,サクラダさん打合せ,,16.7,サクラダさん打合せ
553,リボーン おず,,25.0,リボーン おず
554,【スポット清掃】蕎麦前　山都　（麻布台ヒルズ）,"蕎麦前 山都(麻布台ヒルズ), 日本、〒106-0041 東京都港区麻布台１丁目３−１ ヒルズ タワープラザ 3階",26.7,蕎麦前　山都　（麻布台ヒルズ） | 蕎麦前 山都(麻布台ヒルズ)
556,ちなちゃん,,16.7,ちなちゃん
559,生ラム　新橋事務所訪問,"大山会館, 日本、〒105-0004 東京都港区新橋４丁目１０−８ 大山会館",33.3,生ラム　新橋事務所訪問 | 大山会館
560,カメラ,,26.7,カメラ
561,なつき　悠莉ソラマチ,"ちきゅうのにわ 東京ソラマチ, 日本、〒131-0045 東京都墨田区押上１丁目１−２ 東京ソラマチ East Yard 5F",15.4,なつき　悠莉ソラマチ | ちきゅうのにわ 東京ソラマチ
563,村山さん映画,,22.2,村山さん映画
564,いずみちゃん,,21.1,いずみちゃん
565,柴田さん撮影予定善逸,,19.0,柴田さん撮影予定善逸
566,現場携帯の登録作業,,18.2,現場携帯の登録作業
569,現状説明,,0.0,現状説明
570,増田休み,,28.6,増田休み
571,前夜祭,,25.0,前夜祭
573,対応可能スケジュール (株式会社ミセサポ),,26.1,対応可能スケジュール (株式会社ミセサポ)
574,レポート確認,,22.2,レポート確認
575,村山さんと吉崎さんと飲み,,20.0,村山さんと吉崎さんと飲み
576,板前寿司　愛宕店　ネズミ駆除,,58.3,板前寿司　愛宕店　ネズミ駆除
577,商品ちしき共有,,13.3,商品ちしき共有
578,決起会,,0.0,決起会
582,業務用エアコン輝らく取り付け,,33.3,業務用エアコン輝らく取り付け
583,現地調査 グリストラップ設置調査,"神奈川２丁目６−３, 日本、〒221-0045 神奈川県横浜市神奈川区神奈川２丁目６−３",20.0,現地調査 グリストラップ設置調査 | 神奈川２丁目６−３
587,まめちゃんとこ泊まり,,19.0,まめちゃんとこ泊まり
589,ラ・フェス　清掃,,28.6,ラ | フェス
590,ゴミ処理車買う,,18.2,ゴミ処理車買う
591,入札開始,,0.0,入札開始
592,いずみちゃ電話,,20.0,いずみちゃ電話
593,休み,,0.0,休み
595,有料wi-fi 調査,味のなかむら,30.8,有料wi-fi 調査 | 味のなかむら | 店長　大塚宛にご訪問ください。 | 店舗内Wi-Fiは入口入ってすぐの電話機とタブレットがある場所に
596,ダイニングエッジ　楽が気　電気工事,,26.1,ダイニングエッジ　楽が気　電気工事
599,レッドロブスタージャパン株式会社,"レッドロブスター 上池台店, 日本、〒145-0064 東京都大田区上池台４丁目２１−１０",30.8,レッドロブスタージャパン株式会社 | レッドロブスター 上池台店
601,大勝軒　再現地調査　@松永さん紹介案件,,20.7,大勝軒　再現地調査　@松永さん紹介案件
605,佐藤さん　水道管工事　船橋,ベトナムパレス船橋,40.0,佐藤さん　水道管工事　船橋 | ベトナムパレス船橋
607,健康診断9:00～,,0.0,健康診断9:00～
610,Reddy配信10時,,21.1,Reddy配信10時
611,新宿 s bar　残りクレーム処理,"栄喜堂ビル, 日本、〒160-0021 東京都新宿区歌舞伎町１丁目１５−７ 栄喜堂ビル",28.6,新宿 s bar　残りクレーム処理 | 栄喜堂ビル | 3Fのお店です。
614,レポート確認,,22.2,レポート確認
615,タカネット　ロケ弁　三ノ輪　清掃,東京都荒川区南千住1-18-2,24.0,タカネット　ロケ弁　三ノ輪 | 東京都荒川区南千住1-18-2
617,株式会社会社馬力,錦糸町駅周辺喫茶店（直前に電話で連絡して欲しいとのことです）,25.0,株式会社会社馬力 | 錦糸町駅周辺喫茶店（直前に電話で連絡して欲しいとのことです）
619,幼女戦記映画,,0.0,幼女戦記映画
622,株式会社エジソン電灯　大澤岳則（レポート作成不要）3日目/4日目,,28.6,株式会社エジソン電灯　大澤岳則（レポート作成不要）3日目 | 4日目
624,現地調査アポイント　飯島事業局長,"特養老人ホームフローラ田無, 日本、〒188-0013 東京都西東京市向台町２丁目１６−２２ 特養老人ホームフローラ田無",17.4,現地調査アポイント　飯島事業局長 | 特養老人ホームフローラ田無
625,後藤さん誕生日,,18.2,後藤さん誕生日
627,ミセサポ関西MTG,,25.0,ミセサポ関西MTG
629,江田ちゃんとりあい茨木童子,,12.5,江田ちゃんとりあい茨木童子
630,花買う,,28.6,花買う
631,明大前肉流通センター　視察,,19.0,明大前肉流通センター　視察
632,ホストクラブ　セレスト営業,,19.0,ホストクラブ　セレスト営業
633,引越し,,18.2,引越し
634,フェアグランド　味のなかむらWiFi 設置工事,"味のなかむら, 日本、〒106-0031 東京都港区西麻布４丁目７−１０ 麻布笄町Ａハウス",30.8,フェアグランド　味のなかむらWiFi 設置工事 | 味のなかむら
635,新橋ホルモンやだん　3号店,,50.0,新橋ホルモンやだん　3号店
636,μさんとヒプマイ,,22.2,μさんとヒプマイ
638,【訪問時間変更】エレキング　西口さま,,23.5,エレキング　西口さま
639,ゆうきとお付き合いはじめ,,25.0,ゆうきとお付き合いはじめ
640,【現地調査】エノテカドドォーロ　平河,,26.7,エノテカドドォーロ　平河
641,COCOYA2号店【エアコンニーズあり】,東京都豊島区西池袋５丁目８−９ 藤和池袋コープ １F（COCOYA2号店）,26.1,COCOYA2号店【エアコンニーズあり】 | 東京都豊島区西池袋５丁目８−９ 藤和池袋コープ １F（COCOYA2号店）
642,GOSSO　0秒レモンサワー　 深夜渋谷清掃,,20.7,GOSSO　0秒レモンサワー　 深夜渋谷 | 鍵はキーボックスで対応と店内のSECOMの解除も必要です。
644,ドラクエカミュ,,16.7,ドラクエカミュ
645,うりんちゃんまどマギ,,19.0,うりんちゃんまどマギ
647,新宿保健所　電話確認,,33.3,新宿保健所　電話確認
649,くっすぃさん無名ちゃん雫撮影,,16.0,くっすぃさん無名ちゃん雫撮影
651,レポート、請求書確認,,28.6,レポート | 請求書確認
652,ダイナースカード　締日,,22.2,ダイナースカード　締日
654,7:15出勤,,0.0,7:15出勤
656,入社日,,28.6,入社日
659,柴田撮影,,28.6,柴田撮影
660,やきとり大吉 桜丘店　清掃,"やきとり大吉 桜丘店, 日本、〒156-0054 東京都世田谷区桜丘３丁目２４−４",46.2,やきとり大吉 桜丘店
661,パズルフード餃子楼エアコン,〒154-0024 東京都世田谷区三軒茶屋２丁目１６−６,25.0,パズルフード餃子楼エアコン | 〒154-0024 東京都世田谷区三軒茶屋２丁目１６−６
663,レポート確認,,22.2,レポート確認
664,ダーツバー A's　清掃　茅場町店,,44.4,ダーツバー A's　　茅場町店
665,電気工事　朝霞台駅,,20.0,電気工事　朝霞台駅
670,パセラ,,22.2,パセラ
671,板前寿司 愛宕移動,,60.0,板前寿司 愛宕移動
673,オンザプラネット玉置　営業,燻男 新橋,57.1,オンザプラネット玉置　営業 | 燻男 新橋
676,オズちゃとメシ,,20.0,オズちゃとメシ
678,かきだ有楽町　清掃査察　志村さん,"有楽町かきだ, 日本、〒151-8583 東京都渋谷区代々木２丁目２−１ 小田急ホテルセンチュリーサザンタワ 19F寿司",22.2,かきだ有楽町　査察　志村さん | 有楽町かきだ
679,電気工事　朝霞台駅,,20.0,電気工事　朝霞台駅
680,バイク回収,,26.7,バイク回収
681,串揚げじゅらく　上野店４店舗現地調査,"酒亭じゅらく 上野店, 日本、〒110-0005 東京都台東区上野６丁目１１−６",42.9,串揚げじゅらく　上野店４店舗現地調査 | 酒亭じゅらく 上野店
682,アトミック　bar 初回毎週清掃,,28.6,アトミック　bar 初回毎週
683,モンキーツリー　ラグ交換,モンキーツリー馬喰町,63.6,モンキーツリー　ラグ交換 | モンキーツリー馬喰町
684,生ラムかんな田町店エアコン増設見積もり調査,"生ラムかんな 田町店, 日本、〒108-0014 東京都港区芝５丁目２３−１０",33.3,生ラムかんな田町店エアコン増設見積もり調査 | 生ラムかんな 田町店 | 日高屋と生ラムのお店の間の隙間に | お店の人はいないので、鍵を開けて入ってください。
685,MASSIMOTTVIO 50000円（税込）に減額して清掃,"マッシモッタヴィオ, 日本、〒168-0064 東京都杉並区永福４丁目４−４ 六本木ファイブビル",57.1,MASSIMOTTVIO 50000円（税込）に減額して | マッシモッタヴィオ
686,電気工事　朝霞台駅,,20.0,電気工事　朝霞台駅
687,モンキーツリーラグ設置,,69.6,モンキーツリーラグ設置
688,モンキーツリー　ラグ交換,モンキーツリー馬喰町,63.6,モンキーツリー　ラグ交換 | モンキーツリー馬喰町
691,【現調】肉屋食堂たけうち　蕨,,28.6,肉屋食堂たけうち　蕨
693,移動,,0.0,移動
694,見込み顧客掘り出し,,11.8,見込み顧客掘り出し
695,移住DAOマネージャー　面談（D）,https://us02web.zoom.us/j/82027525129?pwd=JbBdgcPeTd7Fy3EGyL91fSuaYXkwYb.1,20.0,移住DAOマネージャー　面談（D） | https://us02web.zoom.us/j/82027525129?pwd=JbBdgcPeTd7Fy3EGyL91fSuaYXkwYb.1
701,🌺休み,,0.0,🌺休み
702,六本木BAR FD 隔月ゴミ回収,,26.1,六本木BAR FD 隔月ゴミ回収
704,馬力　高円寺,,66.7,馬力　高円寺
705,新宿デリカテッセン koji&ko　追加依頼,,63.4,新宿デリカテッセン koji&ko　追加依頼
707,内覧日,,28.6,内覧日
708,会社休み,,0.0,会社休み
709,【現地調査】GOSSO 0秒レモンサワー ときわ亭 池袋西口店,"0秒レモンサワー ときわ亭 池袋西口店, 日本、〒171-0021 東京都豊島区西池袋１丁目１３−１ タグリート池袋 B1F",36.4,GOSSO 0秒レモンサワー ときわ亭 池袋西口店 | 0秒レモンサワー ときわ亭 池袋西口店
710,矢向肉流通センター　坂下社長　営業,"矢向肉流通センター, 日本、〒230-0001 神奈川県横浜市鶴見区矢向６丁目１１−１７",19.0,矢向肉流通センター　坂下社長　営業 | 矢向肉流通センター
711,株式会社T.K-BLOCKS,東京都渋谷区恵比寿3-28-3 カーサピアット 2F,30.8,株式会社T.K-BLOCKS | 東京都渋谷区恵比寿3-28-3 カーサピアット 2F | ・担当者：内田（店舗統括） | ・外注業務：恵比寿の店舗のみ害虫駆除を２～３か月に一度入れている
713,帰る米子,,28.6,帰る米子
715,槙野社長　ワインセラー回収/割れ時計回収,"上原２丁目４８−５, 日本、〒151-0064 東京都渋谷区上原２丁目４８−５",22.2,槙野社長　ワインセラー回収 | 割れ時計回収 | 上原２丁目４８−５
716,大手町佳樹園　砂子田社長,,26.7,大手町佳樹園　砂子田社長
717,【定期隔週清掃】アトミック　bar,,35.3,アトミック　bar
718,kusabi りょうさん 不用品回収,東京都中央区新川1-17-16 オリゼー茅場町701,20.0,kusabi りょうさん 不用品回収 | 東京都中央区新川1-17-16 オリゼー茅場町701
719,ダーツバー A's　清掃　茅場町店,ダーツバー A's　茅場町店,44.4,ダーツバー A's　　茅場町店 | ダーツバー A's　茅場町店
720,レポート講習,"FEEEP(フィープ) 飯田橋店, 日本、〒162-0825 東京都新宿区神楽坂２丁目16番２ MS I Kagurazaka, 1F",25.0,レポート講習 | FEEEP(フィープ) 飯田橋店
722,トウレン　ダクト調査　三茶餃子楼,,23.5,トウレン　ダクト調査　三茶餃子楼
727,新潟運輸東京支店荷物受け取り　配送番号261-081-7145,"新砂１丁目１３−１３, 日本、〒136-0075 東京都江東区新砂１丁目１３−１３",21.1,新潟運輸東京支店荷物受け取り　配送番号261-081-7145 | 新砂１丁目１３−１３
728,オゾン返却@ヤマト運輸　持ち込み,,14.3,オゾン返却@ヤマト運輸　持ち込み
729,歌舞伎町　S BAR  初回清掃,〒160-0021 東京都新宿区歌舞伎町１丁目１５−７ 栄喜堂ビル 3F,33.3,歌舞伎町　S BAR  初回 | 〒160-0021 東京都新宿区歌舞伎町１丁目１５−７ 栄喜堂ビル 3F | お店が3階で、エレベーターがありません。 | 店舗自体の内装はきれいですが、節々に埃が溜まっているのが気になるとのこと。 | お店の鍵は受け渡しになります。
730,クレスト面接,,26.7,クレスト面接
731,会社休み,,0.0,会社休み
732,いずみちゃん映画昼から,,33.3,いずみちゃん映画昼から
733,電気工事　朝霞台駅,,20.0,電気工事　朝霞台駅
735,ラウンジJuillet deux~ジュイエデュー - 赤坂　訪問査察,"１４, 日本、〒107-0052 東京都港区赤坂３丁目１４",21.1,ラウンジJuillet deux~ジュイエデュー - 赤坂　訪問査察 | １４
736,銀座　子肥羊査察,,26.7,銀座　子肥羊査察
738,銀座 小肥羊 週次対応,,35.3,銀座 小肥羊 週次対応
739,現地調査 内装　@桑原,〒160-0021 東京都新宿区歌舞伎町１丁目１５−５ ビックレモンビル 地下2階,17.4,現地調査 内装　@桑原 | 〒160-0021 東京都新宿区歌舞伎町１丁目１５−５ ビックレモンビル 地下2階 | 出店予定日：難しいが6月中を希望
740,ゴミ業者M&A相談　打ち合わせ,,19.0,ゴミ業者M&A相談　打ち合わせ
741,デイジイ施工部材購入,,20.0,デイジイ施工部材購入
742,有限会社２Ｍ８様,,0.0,有限会社２Ｍ８様
744,足立市場電話,,25.0,足立市場電話
745,株式会社アウラホールディングス,横浜市西区みなとみらい4-4-4,32.0,株式会社アウラホールディングス | 横浜市西区みなとみらい4-4-4
746,じいちゃん見舞い,,19.0,じいちゃん見舞い
747,開ける,,14.3,開ける
749,ystable  栗見　夕海様,"毛利 Salvatore Cuomo, 日本、〒106-0032 東京都港区六本木６丁目１０−１ 六本木ヒルズ ヒルサイド B2F",32.0,ystable  栗見　夕海様 | 毛利 Salvatore Cuomo | 店舗は「毛利Salvatore Cuomo」でお願い致します。 | 当日は上記店舗の前でお持ち合わせさせていただければと存じます。
751,ひかり開通,,16.7,ひかり開通
753,情報共有兼打合せ（梅岡・増田）,,40.0,情報共有兼打合せ（梅岡 | 増田）
754,粗大ごみ駐輪場におきにいく,,18.2,粗大ごみ駐輪場におきにいく
755,発酵デリカッセン新宿高島屋　清掃,,45.7,発酵デリカッセン新宿高島屋
757,デニーロ査察　エアコン　ファンモーター,,24.4,デニーロ査察　エアコン　ファンモーター
761,川口倉庫整理や在庫管理,,14.3,川口倉庫整理や在庫管理
763,ymobile　３台分乗り換えキャンペーンにて乗り換え,,18.2,ymobile　３台分乗り換えキャンペーンにて乗り換え
767,テイクユー　吉祥寺　Vベルトチェック,,16.7,テイクユー　吉祥寺　Vベルトチェック
768,株式会社テラケン,東京都千代田区岩本町3-10-7 東自機ビル5F,28.6,株式会社テラケン | 東京都千代田区岩本町3-10-7 東自機ビル5F
770,川口で粗大ゴミおろす,,15.4,川口で粗大ゴミおろす
772,株式会社オン・ザ・プラネット　魚豪商コダマ錦糸町,"第二魚寅ビル, 日本、〒130-0022 東京都墨田区江東橋３丁目１３−８ 第二魚寅ビル",40.0,株式会社オン | ザ | プラネット　魚豪商コダマ錦糸町 | 第二魚寅ビル
775,コバエ類の同定と防除,,16.7,コバエ類の同定と防除
776,バスタ新宿4F 深夜バスで岡崎へ,"真伝吉祥２丁目１−６, 日本、〒444-3176 愛知県岡崎市真伝吉祥２丁目１−６",22.2,バスタ新宿4F 深夜バスで岡崎へ | 真伝吉祥２丁目１−６
778,いずみちゃん,,21.1,いずみちゃん
779,口座残高確認（データ格納）,,21.1,口座残高確認（データ格納）
780,オズ飯,,33.3,オズ飯
783,石塚さん誕生日,,20.0,石塚さん誕生日
784,ミツトちゃんおずちゃんと飯,,16.7,ミツトちゃんおずちゃんと飯
785,出光クレジット月末締め 翌月の20日明細発行 翌月7日支払日,,9.5,出光クレジット月末締め 翌月の20日明細発行 翌月7日支払日
786,入札開始,,0.0,入札開始
787,和食処とんでん 越谷大袋店　電気設備現地調査,,21.4,和食処とんでん 越谷大袋店　電気設備現地調査
788,虎倉あう,,25.0,虎倉あう
789,うなぎ　新宿三丁目 う福　木瀬社長,"うな串 焼鳥 う福 新宿三丁目, 第一伊藤ビル 1F, ３丁目-９-8 新宿 新宿区 東京都 160-0022 日本",28.6,うなぎ　新宿三丁目 う福　木瀬社長 | うな串 焼鳥 う福 新宿三丁目
790,ハコスタクーポンでいく,,25.0,ハコスタクーポンでいく
791,イカリ消毒　愛宕板前寿司　ネズミ駆除,,28.6,イカリ消毒　愛宕板前寿司　ネズミ駆除
794,沖さん朝比奈社長　面談,,14.3,沖さん朝比奈社長　面談
797,ダーツバー A's　清掃　茅場町店,ダーツバー A's　茅場町店,44.4,ダーツバー A's　　茅場町店 | ダーツバー A's　茅場町店
798,並木橋なかむら/味なかむら/麻布台ヒルズ清掃,,40.0,並木橋なかむら | 味なかむら | 麻布台ヒルズ
799,焼肉まんてん中目黒店,,53.3,焼肉まんてん中目黒店
800,株式会社東神（中国料理かおたん）,〒107-0052 東京都港区赤坂6-3-15,19.0,株式会社東神（中国料理かおたん） | 〒107-0052 東京都港区赤坂6-3-15
802,歯医者11時,,0.0,歯医者11時
804,モンキーツリー　ラグ交換,モンキーツリー馬喰町,63.6,モンキーツリー　ラグ交換 | モンキーツリー馬喰町
805,readyカラオケ,,23.5,readyカラオケ
807,スズキオイル交換,"イエローハット 美女木店, 日本、〒335-0038 埼玉県戸田市美女木２丁目 北 2-1-17",32.0,スズキオイル交換 | イエローハット 美女木店
808,ゆりかさん遊び北千住,,42.9,ゆりかさん遊び北千住
809,麺と魚　ぺん坊　ネズミ回収,,30.0,麺と魚　ぺん坊　ネズミ回収
810,【本社】株式会社スターツ,新宿区西新宿7-22-16 KIHビル3F,35.3,株式会社スターツ | 新宿区西新宿7-22-16 KIHビル3F
811,子肥羊　ネズミ駆除2回目,,21.1,子肥羊　ネズミ駆除2回目
812,環境機器　セミナー申し込み　川上裕志,,19.0,環境機器　セミナー申し込み　川上裕志
813,デイジイ　修復,,25.0,デイジイ　修復
814,ニーハオ　神田　グリストラップのみ,,27.3,ニーハオ　神田　グリストラップのみ
816,仕事、部品購入、在庫確認,,0.0,仕事 | 部品購入 | 在庫確認
819,パソナ面談,,18.2,パソナ面談
821,【スポット清掃】スモールズ　不夜城,,47.6,スモールズ　不夜城
822,業務用エアコン輝らく取り外し（分解して売るとちょっと高くなる）,,18.2,業務用エアコン輝らく取り外し（分解して売るとちょっと高くなる）
824,村山買い出し,,22.2,村山買い出し
825,現調　㈱ロイヤルストレートフラッシュ,,20.7,現調　㈱ロイヤルストレートフラッシュ
826,希望休,,0.0,希望休
827,神田馬力排気ファンVベルト交換（a-70）,,20.0,神田馬力排気ファンVベルト交換（a-70）
828,アトミック　bar 毎週清掃,,31.6,アトミック　bar 毎週
829,ぼぶ,,0.0,ぼぶ
833,増田休み,,28.6,増田休み
836,3日ゆうさんご飯,,33.3,3日ゆうさんご飯
839,ロックパテ穴埋め,,30.8,ロックパテ穴埋め
840,パチンコ店査察　北千住,コンサートホール北千住,42.9,パチンコ店査察　北千住 | コンサートホール北千住
841,会社休み,,0.0,会社休み
843,梅岡、パンデ打合せ,,20.0,梅岡 | パンデ打合せ
844,オズちゃん家いく,,26.7,オズちゃん家いく
847,とくやまホールディングス　現地調査,,26.7,とくやまホールディングス　現地調査
848,ナマステ沖さん　チラシアポ営業,,22.2,ナマステ沖さん　チラシアポ営業
849,ペン坊　ネズミ駆除　排気シャッター確認,,23.1,ペン坊　ネズミ駆除　排気シャッター確認
852,ラムラ株式会社　麹蔵　市谷店査察　床汚い清掃,"麹蔵 市ヶ谷店, 日本、〒102-0073 東京都千代田区九段北４丁目２−２−６ 市ヶ谷ビル B1",44.4,ラムラ株式会社　麹蔵　市谷店査察　床汚い | 麹蔵 市ヶ谷店
854,車たな,,20.0,車たな
856,GOSSO　0秒レモンサワー　 深夜渋谷清掃,,20.7,GOSSO　0秒レモンサワー　 深夜渋谷 | 鍵はキーボックスで対応と店内のSECOMの解除も必要です。
857,株式会社マネージ・ファイブ,東京都大田区山王2-8-26　東辰ビル3階,36.4,株式会社マネージ | ファイブ | 東京都大田区山王2-8-26　東辰ビル3階 | 各店舗によって業者や外注範囲は違う
858,1回目　正田様　Google広告お打ち合わせ,,16.2,1回目　正田様　Google広告お打ち合わせ
860,パセラ,,22.2,パセラ
862,ラフェス　水道管工事,,30.8,ラフェス　水道管工事
863,警察署行く,"蕨警察署, 日本、〒335-0005 埼玉県蕨市錦町１丁目１２−２１ 蕨警察署",33.3,警察署行く | 蕨警察署
864,平えいみ　入社,,20.0,平えいみ　入社
865,対応可能スケジュール (株式会社ミセサポ),,26.1,対応可能スケジュール (株式会社ミセサポ)
867,"かるびラーメン 神田小川町店
 神田エアコン現調","かるびラーメン 神田小川町店, 日本、〒101-0052 東京都千代田区神田小川町１丁目７−２",50.0,かるびラーメン 神田小川町店 | 神田エアコン現調
871,ワクチン,,33.3,ワクチン
874,まんてん代々木　害虫駆除再照射,,33.3,まんてん代々木　害虫駆除再照射
875,棚卸し面談,,15.4,棚卸し面談
876,業務用エアコン輝らく取り付け,,33.3,業務用エアコン輝らく取り付け
879,くっすぃさんユウナ潜水撮影,,11.8,くっすぃさんユウナ潜水撮影
880,一般廃棄物　許可　メイン,,22.2,一般廃棄物　許可　メイン
881,【現場調査】（株）タケル,"馬肉専門バル 跳ね馬 田町三田店, 日本、〒108-0014 東京都港区芝５丁目２２−５ 原田ビル 1Ｆ",25.0,タケル | 馬肉専門バル 跳ね馬 田町三田店
882,大和傷確認17時,,18.2,大和傷確認17時
884,久世さんにプラスワンメール報告,,19.0,久世さんにプラスワンメール報告
886,コーナン買い出し,,28.6,コーナン買い出し
888,輝らく　防鼠,,66.7,輝らく　防鼠
889,エアコン取付,,20.0,エアコン取付
891,引越し,,18.2,引越し
894,Que bom River side cafe,東京都墨田区吾妻橋1-23-8先 墨田区役所前うるおい広場隣接地1F,29.4,Que bom River side cafe | 東京都墨田区吾妻橋1-23-8先 墨田区役所前うるおい広場隣接地1F
895,中澤裕休み,,25.0,中澤裕休み
896,yakitaro フロントパネル交換,,30.8,yakitaro フロントパネル交換
897,いずみちゃんとあそぶ仕事終わり行く,,16.7,いずみちゃんとあそぶ仕事終わり行く
899,朝に券売機で区間替えを行う,,11.8,朝に券売機で区間替えを行う
903,いずみちゃん,,21.1,いずみちゃん
904,新大久保,,28.6,新大久保
905,【再現場調査】跳ね馬　田町店,"馬肉専門バル 跳ね馬 田町三田店, 日本、〒108-0014 東京都港区芝５丁目２２−５ 原田ビル 1Ｆ",44.4,跳ね馬　田町店 | 馬肉専門バル 跳ね馬 田町三田店
908,ダーツバー A's　清掃　茅場町店,ダーツバー A's　茅場町店,44.4,ダーツバー A's　　茅場町店 | ダーツバー A's　茅場町店
909,ネズミ駆除生ラムかんな,東京都港区西新橋１丁目１７−４,22.2,ネズミ駆除生ラムかんな | 東京都港区西新橋１丁目１７−４
914,電気工事　朝霞台駅,,20.0,電気工事　朝霞台駅
915,電気工事　朝霞台駅,,20.0,電気工事　朝霞台駅
916,ダイニングエッジ　つまり除去殺鼠剤,,25.0,ダイニングエッジ　つまり除去殺鼠剤
918,【現地調査】有限会社　幸永,新宿歌舞伎町,44.4,有限会社　幸永 | 新宿歌舞伎町
919,森作昼飲み,,25.0,森作昼飲み
923,金田さん見積もり,,18.2,金田さん見積もり
924,電気工事　朝霞台駅,,20.0,電気工事　朝霞台駅
927,ダイニングエッジ楽が気　排気ファンVベルト交換,,26.7,ダイニングエッジ楽が気　排気ファンVベルト交換
928,素材集め,,0.0,素材集め
931,清水ん食べ歩き,,18.2,清水ん食べ歩き
932,いずみちゃん夜お泊まり,,22.2,いずみちゃん夜お泊まり
933,おずちゃん飯,,15.4,おずちゃん飯
934,六本木月一ゴミ回収,,18.2,六本木月一ゴミ回収
936,テラケン 泉岳寺現地調査,,26.1,テラケン 泉岳寺現地調査
937,ラットシート５連結したものを渡す３セット　ネズミ駆除を目的とした定期清掃,"東京寿司 ITAMAE SUSHI 愛宕店, 日本、〒105-0001 東京都港区虎ノ門３丁目２１−５ 愛宕グリーンヒルズプラザ1F",34.3,ラットシート５連結したものを渡す３セット　ネズミ駆除を目的とした | 東京寿司 ITAMAE SUSHI 愛宕店
939,メディウスフーズ　三橋　契約確認,,21.1,メディウスフーズ　三橋　契約確認
944,大手町佳樹園　砂子田社長,,26.7,大手町佳樹園　砂子田社長
946,スモールズ　　看板補修/見積もり,猪鹿蝶　新宿,50.0,スモールズ　　看板補修 | 見積もり | 猪鹿蝶　新宿
948,エブリー/クリッパーメンテナンス,,26.7,エブリー | クリッパーメンテナンス
949,グリストラップ 詰まり対応 　ピーピースルー,,22.2,グリストラップ 詰まり対応 　ピーピースルー
953,中澤裕休み,,25.0,中澤裕休み
954,イタリアン　スオーノ 飲食店清掃,"創作イタリアン肉バル スオーノ, 日本、〒130-0021 東京都墨田区緑１丁目２８−１１ イトーピア両国ステーションコート 1F",25.0,イタリアン　スオーノ 飲食店 | 創作イタリアン肉バル スオーノ
955,株式会社フーディアム・インターナショナル x 正田和輝プライベート: 訪問させていただく日程調整お打ち合わせ,,26.1,株式会社フーディアム | インターナショナル x 正田和輝プライベート: 訪問させていただく日程調整お打ち合わせ
958,服部,https://us06web.zoom.us/j/83187131578,26.9,服部 | https://us06web.zoom.us/j/83187131578
959,御座席天麩羅　神楽坂　天孝　新井均,,72.0,御座席天麩羅　神楽坂　天孝　新井均
960,村山さんと日暮里,,18.2,村山さんと日暮里
961,株式会社ダイニングエッジ,東京都港区新橋3-21-4 新橋第2ペリカンビル（楽が気）,37.5,株式会社ダイニングエッジ | 東京都港区新橋3-21-4 新橋第2ペリカンビル（楽が気）
962,代理店話し合い,,36.4,代理店話し合い
963,生ラムかんな　ネズミ駆除,,21.1,生ラムかんな　ネズミ駆除
964,オズちゃん家いく,,26.7,オズちゃん家いく
966,ワクチン予約する,,25.0,ワクチン予約する
967,田町現地調査　生ラムかんな田町店,"生ラムかんな 田町店, 日本、〒108-0014 東京都港区芝５丁目２３−１０",33.3,田町現地調査　生ラムかんな田町店 | 生ラムかんな 田町店 | 生ラムかんな田町店
968,【現場調査】（株）エレキング　やざわ（池袋）,"極・和牛焼肉 やざわ, 日本、〒171-0022 東京都豊島区南池袋１丁目１８−２３ ルックハイツ 池袋 A棟 B館B1階",30.8,エレキング　やざわ（池袋） | 極・和牛焼肉 やざわ | 営業している各店舗へヒアリングしたところ、
970,東神かおたん　訪問営業,"中国料理 かおたん, 日本、〒107-0052 東京都港区赤坂６丁目３−１５",21.1,東神かおたん　訪問営業 | 中国料理 かおたん
971,鬼滅併せぜんいつおずちゃん,,20.0,鬼滅併せぜんいつおずちゃん
975,愛宕板前寿司　ネズミ駆除メイン,"東京寿司 ITAMAE SUSHI 愛宕店, 日本、〒105-0001 東京都港区虎ノ門３丁目２１−５ 愛宕グリーンヒルズプラザ1F",34.3,愛宕板前寿司　ネズミ駆除メイン | 東京寿司 ITAMAE SUSHI 愛宕店
976,訪問ご挨拶_社会福祉法人恵比寿会　Fellow homes,東京都立川市緑町３３７２－８,22.2,訪問ご挨拶_社会福祉法人恵比寿会　Fellow homes | 東京都立川市緑町３３７２－８
977,【定期隔週清掃】アトミック　bar,,35.3,アトミック　bar
978,「現場調査」デイジイ川口市役所店,〒332-8601 埼玉県川口市青木２丁目１−１,23.5,「現場調査」デイジイ川口市役所店 | 〒332-8601 埼玉県川口市青木２丁目１−１
988,【給湯器設置】宮本様宅9:00〜9:30の間にお伺い,足立区竹ノ塚3-17-6Ｄクラディア102,16.7,宮本様宅9:00〜9:30の間にお伺い | 足立区竹ノ塚3-17-6Ｄクラディア102
989,【現地調査】人形町らーめん　いなせ,,23.5,人形町らーめん　いなせ
995,【修理】カラオケパセラ上野店8:00〜,東京都台東区上野2-14-30,31.6,カラオケパセラ上野店8:00〜 | 東京都台東区上野2-14-30
1002,モンキーツリー　ラグ交換,モンキーツリー馬喰町,63.6,モンキーツリー　ラグ交換 | モンキーツリー馬喰町
1006,【スポット】スモールズシンク修理,,30.0,スモールズシンク修理
1021,発酵デリカッセン新宿高島屋　清掃,,45.7,発酵デリカッセン新宿高島屋 | 連絡は店舗でなく高橋様(Gmail)でよい
1022,ミセサポ_忘年会,,16.7,ミセサポ_忘年会
1030,【給湯器設置】宮本様宅14:00着※お客様希望,足立区竹ノ塚3-17-6Ｄクラディア102,16.7,宮本様宅14:00着※お客様希望 | 足立区竹ノ塚3-17-6Ｄクラディア102
1034,【スポット清掃】株式会社テラケ大衆酒屋 てらけん本家 泉岳寺駅前店,"大衆酒屋 てらけん本家 泉岳寺駅前店, 日本、〒108-0074 東京都港区高輪２丁目１８−１０ 高輪泉岳寺駅前ビル 1階",31.6,株式会社テラケ大衆酒屋 てらけん本家 泉岳寺駅前店 | 大衆酒屋 てらけん本家 泉岳寺駅前店
1036,新橋 メティウスフーズ　ピッツアリアドーロ　ネズミカメラ回収,,22.7,新橋 メティウスフーズ　ピッツアリアドーロ　ネズミカメラ回収
1037,「現場調査」焼肉ここから茅場町店　株式会社ISSEI ダクト清掃,東京都中央区日本橋茅場町１丁目８−５,48.0,「現場調査」焼肉ここから茅場町店　株式会社ISSEI ダクト | 東京都中央区日本橋茅場町１丁目８−５
1053,らくがき　高圧洗浄,,33.3,らくがき　高圧洗浄
1056,【定期隔週清掃】アトミック　bar,,35.3,アトミック　bar
1063,訪問ご挨拶_イトウ製菓株式会社,,15.4,訪問ご挨拶_イトウ製菓株式会社
1066,Sbar 清掃,,46.2,Sbar
1068,【現場調査】焼肉ここからダクト清掃　人形町店,,27.3,焼肉ここからダクト　人形町店
1076,ミセサポ業務報告 misogi 研修,,24.2,ミセサポ業務報告 misogi 研修
1077,【定期清掃】S BAR 渋谷,"道玄坂１丁目１７−４, 日本、〒150-0043 東京都渋谷区道玄坂１丁目１７−４",44.4,S BAR 渋谷 | 道玄坂１丁目１７−４
1078,【定期清掃】GOSSO（株） 0秒レモンサワーときわ亭池袋西口店,〒171-0021 東京都豊島区西池袋１丁目１３−1 タグリート池袋 B1F,28.6,GOSSO（株） 0秒レモンサワーときわ亭池袋西口店 | 〒171-0021 東京都豊島区西池袋１丁目１３−1 タグリート池袋 B1F
1080,全社システム導入MTG,,23.1,全社システム導入MTG
1081,【定期清掃】S BAR 渋谷,"道玄坂１丁目１７−４, 日本、〒150-0043 東京都渋谷区道玄坂１丁目１７−４",44.4,S BAR 渋谷 | 道玄坂１丁目１７−４
1082,沖さん最終出社,,18.2,沖さん最終出社
1083,人事関係引継ぎ打合せ,,0.0,人事関係引継ぎ打合せ
1084,【定期清掃】GOSSO（株） 0秒レモンサワーときわ亭池袋西口店,〒171-0021 東京都豊島区西池袋１丁目１３−1 タグリート池袋 B1F,28.6,GOSSO（株） 0秒レモンサワーときわ亭池袋西口店 | 〒171-0021 東京都豊島区西池袋１丁目１３−1 タグリート池袋 B1F
1087,【定期清掃】株式会社友進中華食堂一番館 東陽町,,37.5,株式会社友進中華食堂一番館 東陽町
1090,【スポット】GOSSO（株） 0秒レモンサワーときわ亭池袋西口店,〒171-0021 東京都豊島区西池袋１丁目１３−1 タグリート池袋 B1F,28.6,GOSSO（株） 0秒レモンサワーときわ亭池袋西口店 | 〒171-0021 東京都豊島区西池袋１丁目１３−1 タグリート池袋 B1F | 店舗入って頂き1番奥にスタッフルームがあり、スタッフルーム内1番奥の壁に | ③店舗を出る時はその逆を行なって頂ければ問題なしです。
1094,【訪問】神田今川橋店 - 新潟カツ丼-タレカツ 15:00〜,東京都千代田区神田鍛冶町1-7-11 KCAビル 1F,26.1,神田今川橋店 - 新潟カツ丼-タレカツ 15:00〜 | 東京都千代田区神田鍛冶町1-7-11 KCAビル 1F
1098,【定期清掃】愛宕板前寿司　（森ビル案件）,"東京寿司 ITAMAE SUSHI 愛宕店, 日本、〒105-0001 東京都港区虎ノ門３丁目２１−５ 愛宕グリーンヒルズプラザ1F",34.8,愛宕板前寿司　（森ビル案件） | 東京寿司 ITAMAE SUSHI 愛宕店
1100,【定期清掃】愛宕板前寿司　（森ビル案件）,"東京寿司 ITAMAE SUSHI 愛宕店, 日本、〒105-0001 東京都港区虎ノ門３丁目２１−５ 愛宕グリーンヒルズプラザ1F",34.8,愛宕板前寿司　（森ビル案件） | 東京寿司 ITAMAE SUSHI 愛宕店
1101,【再清掃】GOSSO（株） 0秒レモンサワーときわ亭池袋西口店,〒171-0021 東京都豊島区西池袋１丁目１３−1 タグリート池袋 B1F,28.6,GOSSO（株） 0秒レモンサワーときわ亭池袋西口店 | 〒171-0021 東京都豊島区西池袋１丁目１３−1 タグリート池袋 B1F
1107,佐々木さん入社,,36.4,佐々木さん入社
1114,【スポット清掃】H VIEW 六本木寿司屋店（1日/2日分）,東京都港区六本木6-2-6 GEMS六本木 B1,40.0,H VIEW 六本木寿司屋店（1日 | 2日分） | 東京都港区六本木6-2-6 GEMS六本木 B1
1116,モンキーツリー　ラグ交換,モンキーツリー馬喰町,63.6,モンキーツリー　ラグ交換 | モンキーツリー馬喰町
1118,訪問ご挨拶_ベジフルフード株式会社様,【淀橋市場内事務所】 　〒169-0074 　東京都新宿区北新宿四丁目２番１号 　東京都中央卸売市場　淀橋市場　 　新仲卸売場棟２階　№12,19.0,訪問ご挨拶_ベジフルフード株式会社様 | 【淀橋市場内事務所】 　〒169-0074 　東京都新宿区北新宿四丁目２番１号 　東京都中央卸売市場　淀橋市場　 　新仲卸売場棟２階　№12
1121,「食べ営業」ネクサス,"大井１丁目１−６, 日本、〒140-0014 東京都品川区大井１丁目１−６",33.3,「食べ営業」ネクサス | 大井１丁目１−６
1125,ミーティング,,25.0,ミーティング
1131,【スポット清掃】H VIEW 六本木　寿司屋,東京都港区六本木6-2-6 GEMS六本木 B1,20.0,H VIEW 六本木　寿司屋 | 東京都港区六本木6-2-6 GEMS六本木 B1
1132,【定期清掃】株式会社クラウンセンス　鮨ひのもと,鮨ひのもと,27.3,株式会社クラウンセンス　鮨ひのもと | 鮨ひのもと | ※2025年10月オープンのお店なので綺麗です。
1134,【スポット】スモールズ 店舗清掃,,46.2,スモールズ 店舗
1138,【ゴミ回収】魚豪商コダマ錦糸町,東京都墨田区江東橋3-13-8 第二魚寅ビル B1F～1F,46.2,魚豪商コダマ錦糸町 | 東京都墨田区江東橋3-13-8 第二魚寅ビル B1F～1F
1139,訪問ご挨拶_リペア株式会社,東京都品川区南大井6丁目3番7号スリージェ南大井ビル1F,15.4,訪問ご挨拶_リペア株式会社 | 東京都品川区南大井6丁目3番7号スリージェ南大井ビル1F
1141,【定期清掃】株式会社友進中華食堂一番館 東陽町　初回,"第五津村ビル, 日本、〒135-0016 東京都江東区東陽４丁目１−１８ 第五津村ビル",33.3,株式会社友進中華食堂一番館 東陽町　初回 | 第五津村ビル
1144,【定期清掃】株式会社友進中華食堂一番館 東陽町,,37.5,株式会社友進中華食堂一番館 東陽町
1146,【定期清掃】鮨ひのもと,"アイムズ芝大門, 日本、〒105-0012 東京都港区芝大門１丁目４−５ アイムズ芝大門 1階",22.2,鮨ひのもと | アイムズ芝大門
1149,魚豪商コダマ大井町　玉置さん打ち合わせ,"魚豪商コダマ 大井町, 日本、〒140-0014 東京都品川区大井１丁目１−６",46.2,魚豪商コダマ大井町　玉置さん打ち合わせ | 魚豪商コダマ 大井町
1151,【定期清掃】GOSSO（株） 0秒レモンサワーときわ亭池袋西口店,〒171-0021 東京都豊島区西池袋１丁目１３−1 タグリート池袋 B1F,28.6,GOSSO（株） 0秒レモンサワーときわ亭池袋西口店 | 〒171-0021 東京都豊島区西池袋１丁目１３−1 タグリート池袋 B1F
1152,【隔月清掃】スモールズ ゴールデン街,新宿 猪鹿蝶,50.0,スモールズ ゴールデン街 | 新宿 猪鹿蝶
1153,【訪問】分とく山,東京都港区南麻布5-1-5,50.0,分とく山 | 東京都港区南麻布5-1-5
1154,【スポット】在宅給湯器修理,"竹の塚３丁目１７−６, 日本、〒121-0813 東京都足立区竹の塚３丁目１７−６",16.7,在宅給湯器修理 | 竹の塚３丁目１７−６
1161,【定期清掃】鮨ひのもと,"アイムズ芝大門, 日本、〒105-0012 東京都港区芝大門１丁目４−５ アイムズ芝大門 1階",22.2,鮨ひのもと | アイムズ芝大門
1168,正田 午前中ゴルフ/午後出社,,18.2,正田 午前中ゴルフ | 午後出社
1169,【定期隔週清掃】アトミック　bar,,35.3,アトミック　bar
1172,【スポット清掃】ハングリータイガー キッチンカー,横浜市保土ヶ谷区仏向町991-1,43.5,ハングリータイガー キッチンカー | 横浜市保土ヶ谷区仏向町991-1
1175,【定期清掃】愛宕板前寿司　（森ビル案件）,"東京寿司 ITAMAE SUSHI 愛宕店, 日本、〒105-0001 東京都港区虎ノ門３丁目２１−５ 愛宕グリーンヒルズプラザ1F",34.8,愛宕板前寿司　（森ビル案件） | 東京寿司 ITAMAE SUSHI 愛宕店
1178,梅岡と高木ミーテイング,,22.2,梅岡と高木ミーテイング
1179,テスト,,33.3,テスト
1180,【定期隔週清掃】アトミック　bar,,35.3,アトミック　bar
1182,情報共有兼打合せ（正田・梅岡）,,15.4,情報共有兼打合せ（正田 | 梅岡）
1183,【本社】株式会社 Brigade,東京都目黒区八雲2-8-15 氷川坂ビル,41.7,株式会社 Brigade | 東京都目黒区八雲2-8-15 氷川坂ビル
1188,GOSSO　0秒レモンサワー　 深夜渋谷清掃,,20.7,GOSSO　0秒レモンサワー　 深夜渋谷 | 鍵はキーボックスで対応と店内のSECOMの解除も必要です。
1189,スモールズ ゴールデン街 隔月清掃,新宿 猪鹿蝶,50.0,スモールズ ゴールデン街 隔月 | 新宿 猪鹿蝶
1192,人事引き継ぎミーティング,,18.2,人事引き継ぎミーティング
1193,ミーティング　清掃員,,23.5,ミーティング　員
1195,【定期清掃】鮨ひのもと,"アイムズ芝大門, 日本、〒105-0012 東京都港区芝大門１丁目４−５ アイムズ芝大門 1階",22.2,鮨ひのもと | アイムズ芝大門
1196,【隔月清掃】スモールズ ゴールデン街,新宿 猪鹿蝶,50.0,スモールズ ゴールデン街 | 新宿 猪鹿蝶
1198,訪問ご挨拶_株式会社三和テレム,千葉県松戸市常盤平2丁目6番地7,16.0,訪問ご挨拶_株式会社三和テレム | 千葉県松戸市常盤平2丁目6番地7
1199,【店舗】株式会社 太樹苑,〒160-0000 東京都新宿区西新宿７丁目２３−１ TSビル 1F,22.2,株式会社 太樹苑 | 〒160-0000 東京都新宿区西新宿７丁目２３−１ TSビル 1F | ・役職：統括店長
1203,【訪問アポイント】株式会社高幡まんじゅう松盛堂様,,18.2,株式会社高幡まんじゅう松盛堂様
1206,【店舗】株式会社チンズコーポレーション,"本格中華料理 陳家私菜 丸の内店（旧 有楽町店）, 日本、〒100-0005 東京都千代田区丸の内３丁目７−１０ 鍛冶橋高架下 1階",26.1,株式会社チンズコーポレーション | 本格中華料理 陳家私菜 丸の内店（旧 有楽町店）
1209,【訪問】分けとく山,東京都港区南麻布5-1-5,46.2,分けとく山 | 東京都港区南麻布5-1-5
1210,【定期清掃】株式会社オン・ザ・プラネット　魚豪商コダマ錦糸町,"第二魚寅ビル, 日本、〒130-0022 東京都墨田区江東橋３丁目１３−８ 第二魚寅ビル",40.0,株式会社オン | ザ | プラネット　魚豪商コダマ錦糸町 | 第二魚寅ビル
1212,【再清掃】株式会社テラケン　大衆酒屋 てらけん本家 泉岳寺駅前店,"大衆酒屋 てらけん本家 泉岳寺駅前店, 日本、〒108-0074 東京都港区高輪２丁目１８−１０ 高輪泉岳寺駅前ビル 1階",31.6,株式会社テラケン　大衆酒屋 てらけん本家 泉岳寺駅前店 | 大衆酒屋 てらけん本家 泉岳寺駅前店
1215,sbar,,46.2,sbar
1216,焼肉ビジネスフェアイベント出展MTG,,25.0,焼肉ビジネスフェアイベント出展MTG
1221,【スポット清掃】スモールズ 不夜城,〒160-0021 東京都新宿区歌舞伎町１丁目３−１０ 思い出の抜け道ビル 2.3F,47.6,スモールズ 不夜城 | 〒160-0021 東京都新宿区歌舞伎町１丁目３−１０ 思い出の抜け道ビル 2.3F
1223,【定期清掃】S BAR 渋谷,"道玄坂１丁目１７−４, 日本、〒150-0043 東京都渋谷区道玄坂１丁目１７−４",44.4,S BAR 渋谷 | 道玄坂１丁目１７−４
1225,沖さん退職後備品回収,,14.3,沖さん退職後備品回収
1228,情報共有兼打合せ（正田・梅岡）,,15.4,情報共有兼打合せ（正田 | 梅岡）
1234,【定期隔週清掃】アトミック　bar,,35.3,アトミック　bar
1237,情報共有兼打合せ（正田・梅岡）,,15.4,情報共有兼打合せ（正田 | 梅岡）
1240,【オンラインMTG】ミセサポ様,,20.0,ミセサポ様
1242,プリウス車洗い,,18.2,プリウス車洗い
1246,スモールズ ゴールデン街 隔月清掃,新宿 猪鹿蝶,50.0,スモールズ ゴールデン街 隔月 | 新宿 猪鹿蝶
1247,現場責任者ミーティング,,19.0,現場責任者ミーティング
1250,クリッパー車検,,21.1,クリッパー車検
1251,営業確認　FOLLOWUP 社会福祉法人敬愛会,,15.8,営業確認　FOLLOWUP 社会福祉法人敬愛会
1253,情報共有兼打合せ（正田・梅岡）,,15.4,情報共有兼打合せ（正田 | 梅岡）
1254,『ZOOM』清掃チームミーティング,,19.0,『ZOOM』チームミーティング
1255,（運送会社スターライン）かきみさんとのランチ,"東京駅, 日本、〒100-0005 東京都千代田区丸の内１丁目９",28.6,かきみさんとのランチ | 東京駅
1256,株式会社だるまてんぐ,〒150-0013 東京都渋谷区恵比寿４丁目４−１４ イナビル 1階（タイ屋台ラオラオ）,35.3,株式会社だるまてんぐ | 〒150-0013 東京都渋谷区恵比寿４丁目４−１４ イナビル 1階（タイ屋台ラオラオ） | 年二回6店舗一気に清掃する
1257,【再清掃】yakitaro 水道橋,,40.0,yakitaro 水道橋
1260,【打ち合わせ】分けとく山12:00,,35.3,分けとく山12:00
1264,【定期清掃】株式会社オン・ザ・プラネット　魚豪商コダマ錦糸町,"第二魚寅ビル, 日本、〒130-0022 東京都墨田区江東橋３丁目１３−８ 第二魚寅ビル",40.0,株式会社オン | ザ | プラネット　魚豪商コダマ錦糸町 | 第二魚寅ビル
1265,訪問ご挨拶_フロンティア有限会社,千葉県松戸市新松戸4丁目219番地1,20.0,訪問ご挨拶_フロンティア有限会社 | 千葉県松戸市新松戸4丁目219番地1
1266,【定期隔週清掃】アトミック　bar,,35.3,アトミック　bar
1267,[EBインサイドセールス] 吉野家ホルディングズ　ミーティング,"DAIWA River Gate, 36-2 Nihonbashihakozakichō, Chuo City, Tokyo 103-0015, Japão",40.0,吉野家ホルディングズ　ミーティング | DAIWA River Gate
1274,【定期清掃】鮨ひのもと,"アイムズ芝大門, 日本、〒105-0012 東京都港区芝大門１丁目４−５ アイムズ芝大門 1階",22.2,鮨ひのもと | アイムズ芝大門
1278,【スポット清掃】肉の関山,"巣鴨３丁目２４−９, 日本、〒170-0002 東京都豊島区巣鴨３丁目２４−９",44.4,肉の関山 | 巣鴨３丁目２４−９
1280,株式会社イタリアントマト,東京都品川区東品川四丁目12番4号 品川シーサイドフォレスト　オーバルガーデン2F,25.0,株式会社イタリアントマト | 東京都品川区東品川四丁目12番4号 品川シーサイドフォレスト　オーバルガーデン2F | ・役職：店舗開発部部長
1281,【清掃ミーティング】,,0.0,
1286,【本社】エレガントエース株式会社,東京都新宿区新宿1丁目5-13 溝呂木㐧一ビル6F,33.3,エレガントエース株式会社 | 東京都新宿区新宿1丁目5-13 溝呂木㐧一ビル6F
1293,生井契約関連,,20.0,生井契約関連
1294,【店舗】株式会社タイガー＆ドラゴン,〒144-0051 東京都大田区西蒲田７丁目６３−６,35.3,株式会社タイガー＆ドラゴン | 〒144-0051 東京都大田区西蒲田７丁目６３−６
1295,【スポット清掃】スモールズ 不夜城 冷蔵庫裏防鼠,,37.0,スモールズ 不夜城 冷蔵庫裏防鼠
1296,ツール関係ミーティング（梅岡・櫻田・増田）,,40.0,ツール関係ミーティング（梅岡 | 櫻田 | 増田）
1298,訪問ご挨拶_株式会社ネクサス,東京都大田区蒲田5-8-7,15.4,訪問ご挨拶_株式会社ネクサス | 東京都大田区蒲田5-8-7
1305,【本社】株式会社サッポロライオン,東京都中央区銀座8-14-14　銀座昭和通りビル 7階,40.0,株式会社サッポロライオン | 東京都中央区銀座8-14-14　銀座昭和通りビル 7階 | ・役職：店舗開発部担当者 | ・外注業務：店舗によって変わるため一概には言えない
1308,【Hview六本木定期清掃提案 】20:30〜,東京都港区六本木6-2-6 GEMS六本木 B1F,28.6,20:30〜 | 東京都港区六本木6-2-6 GEMS六本木 B1F
1311,【再清掃】ハングリータイガー キッチンカー,横浜市保土ヶ谷区仏向町991-1,43.5,ハングリータイガー キッチンカー | 横浜市保土ヶ谷区仏向町991-1
1316,【定期清掃】株式会社オン・ザ・プラネット　魚豪商コダマ錦糸町,"第二魚寅ビル, 日本、〒130-0022 東京都墨田区江東橋３丁目１３−８ 第二魚寅ビル",40.0,株式会社オン | ザ | プラネット　魚豪商コダマ錦糸町 | 第二魚寅ビル
1321,【店舗】株式会社Dress Circle,東京都調布市布田1-49-17 一粒万倍館 1F（BACHIYA調布）,38.5,株式会社Dress Circle | 東京都調布市布田1-49-17 一粒万倍館 1F（BACHIYA調布） | ・役職：複数店舗管理者
1322,【定期清掃】とくやまホールディングス 分けとく山　初回清掃,分けとく山,46.2,とくやまホールディングス 分けとく山　初回 | 分けとく山
1325,現場調査　TDM 桜新町 大須賀 様,,20.0,現場調査　TDM 桜新町 大須賀 様
1327,【定期隔週清掃】アトミック　bar,,35.3,アトミック　bar
1328,【再清掃】分けとく山,東京都港区南麻布5-1-5,46.2,分けとく山 | 東京都港区南麻布5-1-5
1331,愛宕板前寿司　ネズミ駆除メイン,"東京寿司 ITAMAE SUSHI 愛宕店, 日本、〒105-0001 東京都港区虎ノ門３丁目２１−５ 愛宕グリーンヒルズプラザ1F",34.3,愛宕板前寿司　ネズミ駆除メイン | 東京寿司 ITAMAE SUSHI 愛宕店
1335,【現場調査】武蔵野科学研究所（担当者：小島）　梅岡,"武蔵野化学東京研究所, 日本、〒168-0081 東京都杉並区宮前１丁目１６−２４ 武蔵野化学東京研究所",19.0,武蔵野科学研究所（担当者：小島）　梅岡 | 武蔵野化学東京研究所
1338,【定期清掃】鮨ひのもと,"アイムズ芝大門, 日本、〒105-0012 東京都港区芝大門１丁目４−５ アイムズ芝大門 1階",22.2,鮨ひのもと | アイムズ芝大門
1342,【定期清掃】愛宕板前寿司　（森ビル案件）,"東京寿司 ITAMAE SUSHI 愛宕店, 日本、〒105-0001 東京都港区虎ノ門３丁目２１−５ 愛宕グリーンヒルズプラザ1F",34.8,愛宕板前寿司　（森ビル案件） | 東京寿司 ITAMAE SUSHI 愛宕店
1343,訪問ご挨拶_株式会社船橋屋,,18.2,訪問ご挨拶_株式会社船橋屋
1346,発酵デリカッセン新宿高島屋　清掃,,45.7,発酵デリカッセン新宿高島屋
1355,【定期清掃】GOSSO（株） 0秒レモンサワーときわ亭池袋西口店　初回,〒171-0021 東京都豊島区西池袋１丁目１３−1 タグリート池袋 B1F,26.7,GOSSO（株） 0秒レモンサワーときわ亭池袋西口店　初回 | 〒171-0021 東京都豊島区西池袋１丁目１３−1 タグリート池袋 B1F
1356,(現場調査) とりとん　吉祥寺,"吉祥寺っ子居酒屋 旨串とりとん, 日本、〒180-0003 東京都武蔵野市吉祥寺南町１丁目４−１ 井の頭ビル B1F",28.6,とりとん　吉祥寺 | 吉祥寺っ子居酒屋 旨串とりとん
1360,【定期清掃】愛宕板前寿司　（森ビル案件）,"東京寿司 ITAMAE SUSHI 愛宕店, 日本、〒105-0001 東京都港区虎ノ門３丁目２１−５ 愛宕グリーンヒルズプラザ1F",34.8,愛宕板前寿司　（森ビル案件） | 東京寿司 ITAMAE SUSHI 愛宕店
1361,【全メンバー対象】車整理/事務所管理,芝下3-1-14 澤田コーポ,15.4,車整理 | 事務所管理 | 芝下3-1-14 澤田コーポ
1362,【定期清掃】とくやまホールディングス 分けとく山,分けとく山,46.2,とくやまホールディングス 分けとく山 | 分けとく山
1363,【定期隔週清掃】アトミック　bar,,35.3,アトミック　bar
1367,【スポット清掃】H VIEW 六本木（2日/2日分）,東京都港区六本木6-2-6 GEMS六本木 B1,40.0,H VIEW 六本木（2日 | 2日分） | 東京都港区六本木6-2-6 GEMS六本木 B1
1368,訪問ご挨拶_社会福祉法人浄風園,〒165-0022 東京都中野区江古田４－１９－９,15.4,訪問ご挨拶_社会福祉法人浄風園 | 〒165-0022 東京都中野区江古田４－１９－９
1374,【定期清掃】株式会社クラウンセンス　鮨ひのもと,鮨ひのもと,27.3,株式会社クラウンセンス　鮨ひのもと | 鮨ひのもと | ※2025年10月オープンのお店なので綺麗です。
1375,「現場調査」デイジイ東川口店,〒333-0801 埼玉県川口市東川口２丁目５−１,35.3,「現場調査」デイジイ東川口店 | 〒333-0801 埼玉県川口市東川口２丁目５−１
1377,「現場調査」デイジイ樹モールプラザ店,"栄町３丁目１３−１ 1f, 日本、〒332-0017 埼玉県川口市栄町３丁目１３−１ 1f",21.4,「現場調査」デイジイ樹モールプラザ店 | 栄町３丁目１３−１ 1f
1381,「現場調査」デイジイ西川口店,〒332-0021 埼玉県川口市西川口２丁目４−２２,26.7,「現場調査」デイジイ西川口店 | 〒332-0021 埼玉県川口市西川口２丁目４−２２
1385,【隔月清掃】スモールズ ゴールデン街,新宿 猪鹿蝶,50.0,スモールズ ゴールデン街 | 新宿 猪鹿蝶
1388,【定期清掃】GOSSO（株） 0秒レモンサワーときわ亭池袋西口店,〒171-0021 東京都豊島区西池袋１丁目１３−1 タグリート池袋 B1F,28.6,GOSSO（株） 0秒レモンサワーときわ亭池袋西口店 | 〒171-0021 東京都豊島区西池袋１丁目１３−1 タグリート池袋 B1F
1389,【本社】株式会社ISSEI,〒130-0021 東京都墨田区緑1-21-10 BR両国2ビル901,28.6,株式会社ISSEI | 〒130-0021 東京都墨田区緑1-21-10 BR両国2ビル901
1393,【定期清掃】株式会社友進中華食堂一番館 東陽町,,37.5,株式会社友進中華食堂一番館 東陽町
1395,【定期隔週清掃】アトミック　bar,,35.3,アトミック　bar
1398,【オンラインアポイント】株式会社光商様,,14.3,株式会社光商様
1400,【再清掃】分けとく山,,46.2,分けとく山
1405,訪問ご挨拶_株式会社ウェチャーアス,新宿区 西落合１－２０－１広和マンション１Fレコードブック西落合,14.6,訪問ご挨拶_株式会社ウェチャーアス | 新宿区 西落合１－２０－１広和マンション１Fレコードブック西落合
1406,ラットシート５連結したものを渡す３セット　ネズミ駆除を目的とした定期清掃,"東京寿司 ITAMAE SUSHI 愛宕店, 日本、〒105-0001 東京都港区虎ノ門３丁目２１−５ 愛宕グリーンヒルズプラザ1F",34.3,ラットシート５連結したものを渡す３セット　ネズミ駆除を目的とした | 東京寿司 ITAMAE SUSHI 愛宕店
1408,【定期清掃】鮨ひのもと,"アイムズ芝大門, 日本、〒105-0012 東京都港区芝大門１丁目４−５ アイムズ芝大門 1階",22.2,鮨ひのもと | アイムズ芝大門
1415,訪問ご挨拶_株式会社伊勢惣,埼玉県比企郡滑川町都25-17,16.0,訪問ご挨拶_株式会社伊勢惣 | 埼玉県比企郡滑川町都25-17
1419,【スポット】らくがき　配管洗浄,,33.3,らくがき　配管洗浄
1427,【訪問アポイント】株式会社スイミージャパン様,,26.1,株式会社スイミージャパン様
1428,【社内イベ】埼玉サウナ,"さいたま桃月園キャンプ場, 日本、〒331-0061 埼玉県さいたま市西区西遊馬３１３１",28.6,埼玉サウナ | さいたま桃月園キャンプ場
1429,【スポット修繕】スモールズ猪鹿蝶,,27.3,スモールズ猪鹿蝶
1437,【定期隔週清掃】アトミック　bar,,35.3,アトミック　bar
1441,「現場調査」デイジイ西新井店,〒123-0843 東京都足立区西新井栄町２丁目４−１０,37.5,「現場調査」デイジイ西新井店 | 〒123-0843 東京都足立区西新井栄町２丁目４−１０
1443,【店舗】株式会社Yクリエイト,東京都世田谷区下馬2-44-11 (森山珈琲三宿焙煎所),22.2,株式会社Yクリエイト | 東京都世田谷区下馬2-44-11 (森山珈琲三宿焙煎所)
1444,【訪問】エヴォルテ蒲田,,62.5,エヴォルテ蒲田
1454,増田休み,,28.6,増田休み
1455,【定期清掃】GOSSO（株） 0秒レモンサワーときわ亭池袋西口店,〒171-0021 東京都豊島区西池袋１丁目１３−1 タグリート池袋 B1F,28.6,GOSSO（株） 0秒レモンサワーときわ亭池袋西口店 | 〒171-0021 東京都豊島区西池袋１丁目１３−1 タグリート池袋 B1F
1457,スモールズ ゴールデン街 隔月清掃,新宿 猪鹿蝶,50.0,スモールズ ゴールデン街 隔月 | 新宿 猪鹿蝶
1471,【定期清掃】とくやまホールディングス 分けとく山,分けとく山,46.2,とくやまホールディングス 分けとく山 | 分けとく山
1472,管清工業スモールズ立ち会い 必須,,20.0,管清工業スモールズ立ち会い 必須
1473,【仮】H VIEW 六本木　寿司屋,東京都港区六本木6-2-6 GEMS六本木 B1,20.0,H VIEW 六本木　寿司屋 | 東京都港区六本木6-2-6 GEMS六本木 B1
1480,【スポット清掃】とくやまホールディングス 分けとく山,,25.8,とくやまホールディングス 分けとく山
1482,【定期清掃】株式会社オン・ザ・プラネット　魚豪商コダマ錦糸町,"第二魚寅ビル, 日本、〒130-0022 東京都墨田区江東橋３丁目１３−８ 第二魚寅ビル",40.0,株式会社オン | ザ | プラネット　魚豪商コダマ錦糸町 | 第二魚寅ビル
1484,【リスケ再調整】でんがな桜木町 　ダクト清掃,"串かつとお酒 でんがな 桜木町店, 日本、〒231-0064 神奈川県横浜市中区野毛町２丁目71−１２ エスタービル 1F",25.0,でんがな桜木町 　ダクト | 串かつとお酒 でんがな 桜木町店
1485,「現場調査」焼肉ここから大門店　株式会社ISSEI ダクト清掃,"芝大門２丁目８−１５, 日本、〒105-0012 東京都港区芝大門２丁目８−１５",20.0,「現場調査」焼肉ここから大門店　株式会社ISSEI ダクト | 芝大門２丁目８−１５
1486,【定期清掃】愛宕板前寿司　（森ビル案件）,"東京寿司 ITAMAE SUSHI 愛宕店, 日本、〒105-0001 東京都港区虎ノ門３丁目２１−５ 愛宕グリーンヒルズプラザ1F",34.8,愛宕板前寿司　（森ビル案件） | 東京寿司 ITAMAE SUSHI 愛宕店
1488,【定期清掃】愛宕板前寿司　（森ビル案件）,"東京寿司 ITAMAE SUSHI 愛宕店, 日本、〒105-0001 東京都港区虎ノ門３丁目２１−５ 愛宕グリーンヒルズプラザ1F",34.8,愛宕板前寿司　（森ビル案件） | 東京寿司 ITAMAE SUSHI 愛宕店
1494,【定期清掃】とくやまホールディングス 分けとく山,分けとく山,46.2,とくやまホールディングス 分けとく山 | 分けとく山
1496,【定期清掃】株式会社友進中華食堂一番館 東陽町,,37.5,株式会社友進中華食堂一番館 東陽町
1497,「現場調査」デイジイ志木店,埼玉県志木市中宗岡5-1-7 いろは親水公園,26.7,「現場調査」デイジイ志木店 | 埼玉県志木市中宗岡5-1-7 いろは親水公園
1498,株式会社 ふらんす亭,"ステーキと焙煎カレーふらんす亭 池袋サンシャイン60階通り店, 日本、〒170-0013 東京都豊島区東池袋１丁目１２−２３ セイコービル B1F",28.6,株式会社 ふらんす亭 | ステーキと焙煎カレーふらんす亭 池袋サンシャイン60階通り店 | ・役職：店舗管理者
1499,『ZOOM』営業チームミーティング,,17.4,『ZOOM』営業チームミーティング
1506,【定期清掃】株式会社オン・ザ・プラネット　魚豪商コダマ錦糸町,"第二魚寅ビル, 日本、〒130-0022 東京都墨田区江東橋３丁目１３−８ 第二魚寅ビル",40.0,株式会社オン | ザ | プラネット　魚豪商コダマ錦糸町 | 第二魚寅ビル
1508,【定期清掃】とくやまホールディングス 分けとく山　初回清掃,分けとく山,46.2,とくやまホールディングス 分けとく山　初回 | 分けとく山
1509,【定期清掃】GOSSO（株） 0秒レモンサワーときわ亭池袋西口店　初回,〒171-0021 東京都豊島区西池袋１丁目１３−1 タグリート池袋 B1F,26.7,GOSSO（株） 0秒レモンサワーときわ亭池袋西口店　初回 | 〒171-0021 東京都豊島区西池袋１丁目１３−1 タグリート池袋 B1F
1512,【定期清掃】とくやまホールディングス 分けとく山,分けとく山,46.2,とくやまホールディングス 分けとく山 | 分けとく山
1513,【忘年会】清掃チーム,,22.2,チーム
1516,レムエル入館,,26.7,レムエル入館
1521,【訪問】エボルテ京急蒲田15:00〜,東京都大田区蒲田5-29-1 エクセルピア三番館 1F,27.3,エボルテ京急蒲田15:00〜 | 東京都大田区蒲田5-29-1 エクセルピア三番館 1F
1524,銀座小肥羊　ねずみ駆除,,33.3,銀座小肥羊　ねずみ駆除
1525,【隔月清掃】スモールズ ゴールデン街,新宿 猪鹿蝶,50.0,スモールズ ゴールデン街 | 新宿 猪鹿蝶
1530,【訪問】エボルテ京急蒲田15:00〜,東京都大田区蒲田5-29-1 エクセルピア三番館 1F,27.3,エボルテ京急蒲田15:00〜 | 東京都大田区蒲田5-29-1 エクセルピア三番館 1F
1533,「営業」わけとくやま,,26.7,「営業」わけとくやま
1547,「ZOOM』ララバイ下田さん,,20.0,「ZOOM』ララバイ下田さん
1548,「エアコン業者」営業,"大井８２１−１, 日本、〒356-0053 埼玉県ふじみ野市大井８２１−１",36.4,「エアコン業者」営業 | 大井８２１−１
1549,スモールズ 不夜城 配管施工,,40.0,スモールズ 不夜城 配管施工
1553,【新規営業】オジャンドン新中野 永谷社長　小川ばんりくさん紹介,東京都中野区中央4-1-21,26.7,オジャンドン新中野 永谷社長　小川ばんりくさん紹介 | 東京都中野区中央4-1-21
1555,【定期清掃】オン・ザ・プラネット 魚焼男　バキューム,,40.0,オン | ザ | プラネット 魚焼男　バキューム
1557,訪問ご挨拶_株式会社シービーケー,東京都中央区八丁堀1丁目13番10号三神ビル,17.4,訪問ご挨拶_株式会社シービーケー | 東京都中央区八丁堀1丁目13番10号三神ビル
1558,【定期清掃】とくやまホールディングス 分けとく山,分けとく山,46.2,とくやまホールディングス 分けとく山 | 分けとく山
1561,仮【スポット清掃】スモールズ 不夜城,,45.5,仮【】スモールズ 不夜城
1564,【定期清掃】株式会社友進中華食堂一番館 東陽町,,37.5,株式会社友進中華食堂一番館 東陽町
1567,営業うめおか,,20.0,営業うめおか
1570,情報共有兼打合せ（正田・梅岡）,,15.4,情報共有兼打合せ（正田 | 梅岡）
1573,【定期清掃】株式会社友進中華食堂一番館 東陽町　初回,,33.3,株式会社友進中華食堂一番館 東陽町　初回
1577,有限会社レストラン千石,"洋食屋せんごく本郷店, 日本、〒113-0033 東京都文京区本郷４丁目２−１",37.5,有限会社レストラン千石 | 洋食屋せんごく本郷店
1579,営業ミーティング,,22.2,営業ミーティング
1582,【訪問】株式会社 2TAPS_食堂かど。12:00〜,東京都世田谷区太子堂4-26-6 ヴィラ三軒茶屋 1F,27.6,株式会社 2TAPS_食堂かど。12:00〜 | 東京都世田谷区太子堂4-26-6 ヴィラ三軒茶屋 1F
1583,エンドウ休み,,20.0,エンドウ休み
1586,ひのもと 粗大ゴミ回収,,15.4,ひのもと 粗大ゴミ回収
1589,沖さん退職手続き（仮）,,15.4,沖さん退職手続き（仮）
1590,車写真撮りネット載せる,,18.2,車写真撮りネット載せる
1597,発酵デリカッセン新宿高島屋　清掃,,45.7,発酵デリカッセン新宿高島屋 | 連絡は店舗でなく高橋様(Gmail)でよい
1598,GOSSO　0秒レモンサワー　 深夜渋谷清掃,,20.7,GOSSO　0秒レモンサワー　 深夜渋谷 | 鍵はキーボックスで対応と店内のSECOMの解除も必要です。
1599,【リスケ中】訪問ご挨拶_株式会社ジーエムシー,東京都文京区湯島3丁目14番9号湯島ビル6・7F,22.2,訪問ご挨拶_株式会社ジーエムシー | 東京都文京区湯島3丁目14番9号湯島ビル6・7F
1601,【定期清掃】愛宕板前寿司　（森ビル案件）,"東京寿司 ITAMAE SUSHI 愛宕店, 日本、〒105-0001 東京都港区虎ノ門３丁目２１−５ 愛宕グリーンヒルズプラザ1F",34.8,愛宕板前寿司　（森ビル案件） | 東京寿司 ITAMAE SUSHI 愛宕店
1610,【訪問】分とく山,,50.0,分とく山
1612,【介護施設】社会福祉法人敬愛会,神奈川県大和市福田1551,25.0,社会福祉法人敬愛会 | 神奈川県大和市福田1551
1617,警察署　古物商　2612,,16.7,警察署　古物商　2612
1618,仮【スポット清掃】スモールズ 不夜城,〒160-0021 東京都新宿区歌舞伎町１丁目３−１０ 思い出の抜け道ビル 2.3F,45.5,仮【】スモールズ 不夜城 | 〒160-0021 東京都新宿区歌舞伎町１丁目３−１０ 思い出の抜け道ビル 2.3F
1621,逆瀬川　城井さんと分とく山現調,,27.3,逆瀬川　城井さんと分とく山現調
1624,【定期清掃】株式会社オン・ザ・プラネット　魚豪商コダマ錦糸町,"第二魚寅ビル, 日本、〒130-0022 東京都墨田区江東橋３丁目１３−８ 第二魚寅ビル",40.0,株式会社オン | ザ | プラネット　魚豪商コダマ錦糸町 | 第二魚寅ビル
1626,スモールズ ゴールデン街 隔月清掃,新宿 猪鹿蝶,50.0,スモールズ ゴールデン街 隔月 | 新宿 猪鹿蝶
1628,【再清掃】鮨ひのもと,"アイムズ芝大門, 日本、〒105-0012 東京都港区芝大門１丁目４−５ アイムズ芝大門 1階",22.2,鮨ひのもと | アイムズ芝大門
